Stream,Site,sample.year,season,do.mgl,ph,temp.C,sc.uScm,ac.uScm,alkalinity.mgl,hardness.mgl,tn.mgl,tp.mgl,nh3-n.mgl,no2no3-n.mgl,ortho.po4-p.mgl,npoc.mgl,cl.mgl,so4.mgl,co3.mgl,hco3.mgl,na.mgl,mg.mgl,k.mgl,ca.mgl,li.ugl,al.ugl,ti.ugl,v.ugl,cr.ugl,fe.ugl,mn.ugl,co.ugl,ni.ugl,cu.ugl,zn.ugl,as.ugl,se.ugl,sr.ugl,mo.ugl,ag.ugl,cd.ugl,sn.ugl,ba.ugl,pb.ugl,u.ugl
CRO,CRO1,2021,Fall,7.4,7.2,16.1,79,58,26.1,30.9,0.34,0.005,0.01,0.16,0.01,1.43,1.25,7.66,0,31.79,2.82,3.64,1.87,6.4,0.7,3.53,0.34,0.07,0.08,0.285,2.18,0.03,0.03,0.22,18.92,0.001,0.59,44.39,0.001,0.001,0.005,0.01,33.14,0.002,0.01
CRO,CRO2,2021,Fall,7.4,8.11,14.9,76,61,28.2,32.2,0.4,0.005,0.005,0.15,0.005,1.58,1.3,7.78,0,34.37,2.79,3.7,1.85,6.83,0.89,5.21,0.23,0.1,0.08,0.285,1.73,0.03,0.1,0.28,9.31,0.001,0.47,51.18,0.001,0.001,0.005,0.01,36.84,0.002,0.01
CRO,CRO3,2021,Fall,8,7.53,14.7,77,61,31.9,35.9,0.42,0.005,0.01,0.15,0.005,2.03,1.38,6.54,0,38.86,2.99,3.96,1.88,7.86,0.71,7.14,0.36,0.09,0.14,36.75,5.2,0.05,0.14,0.28,30.74,0.01,0.69,49.7,0.001,0.001,0.005,0.01,34.12,0.002,0.01
CRO,CRO4,2021,Fall,7.2,7.37,14.7,82,66,38.1,40.2,0.38,0.02,0.01,0.08,0.01,2.15,1.04,5.56,0,46.42,3.51,4.33,1.76,8.97,1.72,4.89,0.32,0.07,0.15,232.39,58.86,0.18,0.17,0.19,9.04,0.1,0.54,74.55,0.001,0.001,0.005,0.01,60.23,0.002,0.01
CRO,CRO5,2021,Fall,6.6,7.31,15.1,90,73,32.7,36,0.45,0.01,0.02,0.16,0.01,1.97,0.99,6.44,0,39.87,3,3.93,1.74,7.96,1.04,4.21,0.33,0.06,0.13,257.22,91.84,0.29,0.13,0.14,20.4,0.1,0.64,52.37,0.001,0.001,0.005,0.01,45.47,0.002,0.01
CRO,CRO6,2021,Fall,6.4,7.48,15.2,85,69,14.8,18.9,0.57,0.01,0.01,0.18,0.005,1.37,0.77,7.25,0,18,2.3,2.34,1.51,3.73,0.36,10.82,0.38,0.07,0.17,96.4,17.56,0.13,0.16,0.23,22.36,0.08,0.38,25.41,0.001,0.001,0.005,0.01,22.01,0.002,0.0005
CRO,CRO7,2021,Fall,8,7.3,15.5,51,41,24.8,29.2,0.32,0.01,0.02,0.16,0.01,1.7,1.24,7.4,0,30.23,2.71,3.46,1.91,6.01,0.59,5.88,0.29,0.06,0.12,4.1,5.42,0.05,0.07,0.23,28.24,0.001,0.5,42.16,0.001,0.001,0.005,0.01,32.17,0.002,0.0005
CRO,CROT1,2021,Fall,7.6,7.46,14.8,69,56,25.8,29.6,0.51,0.01,0.01,0.2,0.005,2.34,0.85,6.88,0,31.5,2.4,3.6,2.1,5.96,0.68,7.26,0.33,0.09,0.13,0.285,2.1,0.03,0.19,0.39,20.8,0.001,0.59,40.66,0.001,0.001,0.005,0.01,33.98,0.002,0.01
CRO,CROT2,2021,Fall,8,7.28,14.9,63,51,18.4,24.8,0.45,0.005,0.005,0.24,0.005,1.55,2.37,7.13,0,22.4,2.93,2.98,1.79,5.03,0.55,4.9,0.31,0.1,0.11,0.285,1.62,0.03,0.1,0.19,27.24,0.001,0.8,42.16,0.001,0.001,0.005,0.01,30.7,0.002,0.0005
CRO,CROT3,2021,Fall,6.3,6.93,15.9,86,71,34.9,37.1,0.46,0.02,0.03,0.2,0.005,1.69,0.7,5.85,0,42.52,2.84,3.98,1.81,8.29,1.14,4.97,0.35,0.06,0.1,218.89,87.68,0.2,0.1,0.08,19.69,0.07,0.48,54.88,0.001,0.001,0.005,0.01,48.99,0.002,0.01
EAS,EAS1,2021,Fall,8.1,8.67,12.2,24,19,15.6,10.3,0.36,0.01,0.005,0.24,0.005,0.58,0.23,2.41,0,18.99,0.62,0.7,0.4,2.97,0.27,4.52,0.13,0.09,0.15,0.285,0.43,0.01,0.005,0.025,4.25,0.001,1.01,13.89,0.001,0.001,0.005,0.01,13.5,0.002,0.01
EAS,EAS2,2021,Fall,8.3,7.8,12.2,25,19,15.5,10.3,0.33,0.005,0.005,0.24,0.005,0.49,0.23,2.4,0,18.91,0.6,0.68,0.38,2.99,0.29,4.67,0.13,0.13,0.15,0.285,0.27,0.01,0.005,0.025,4.44,0.001,0.19,13.81,0.001,0.001,0.005,0.01,12.92,0.002,0.01
EAS,EAS3,2021,Fall,8,7.39,12.8,21,16,11.5,8.4,0.39,0.01,0.005,0.27,0.005,0.53,0.22,2.29,0,14.05,0.54,0.64,0.4,2.3,0.29,4.99,0.16,0.12,0.13,0.285,0.34,0.01,0.005,0.025,3.92,0.001,0.8,11.42,0.001,0.001,0.005,0.01,12.66,0.002,0.0005
EAS,EAS4,2021,Fall,7.7,7.17,13,20,16,11.3,7.9,0.37,0.005,0.02,0.27,0.005,0.62,0.22,2.22,0,13.83,0.52,0.63,0.4,2.13,0.28,5.35,0.13,0.1,0.18,0.285,0.22,0.01,0.005,0.025,3.71,0.001,0.51,10.96,0.001,0.001,0.005,0.01,13.15,0.002,0.0005
EAS,EAS5,2021,Fall,7.4,7.2,13,19,15,10.5,7.2,0.38,0.01,0.01,0.25,0.005,0.64,0.25,2.19,0,12.76,0.53,0.59,0.43,1.92,0.31,6.36,0.13,0.1,0.19,0.285,0.49,0.01,0.005,0.025,4.61,0.001,0.5,10.5,0.001,0.001,0.005,0.01,12.85,0.002,0.0005
EAS,EAS6,2021,Fall,8,7.09,12.7,18,14,9.6,6.8,0.49,0.04,0.01,0.21,0.005,0.64,0.23,2.24,0,11.72,0.52,0.57,0.37,1.78,0.27,6.96,0.14,0.08,0.15,0.285,0.37,0.01,0.005,0.025,3.15,0.001,0.26,10.04,0.001,0.001,0.005,0.01,11.83,0.002,0.0005
EAS,EAS7,2021,Fall,7.8,6.86,12.8,16,12,8.5,5.9,0.3,0.01,0.01,0.18,0.005,0.68,0.23,2.01,0,10.41,0.52,0.55,0.36,1.46,0.31,7.38,0.13,0.06,0.16,0.285,0.6,0.01,0.005,0.025,3.27,0.001,0.22,8.92,0.001,0.001,0.005,0.01,11.01,0.002,0.0005
EAS,EAS8,2021,Fall,8,6.73,12.6,15,11,7.3,5.2,0.36,0.02,0.01,0.17,0.005,0.67,0.26,1.95,0,8.94,0.49,0.55,0.36,1.19,0.3,8.54,0.13,0.06,0.17,0.285,0.89,0.01,0.005,0.025,4.05,0.001,0.075,8.15,0.001,0.001,0.005,0.01,10.51,0.002,0.0005
EAS,EAST1,2021,Fall,6.8,7.38,14.1,15,12,5.8,4.6,0.39,0.04,0.005,0.03,0.005,0.63,0.33,2.6,0,7.05,0.53,0.54,0.33,0.94,0.34,7.24,0.22,0.14,0.15,0.285,23.75,0.15,0.15,0.025,5.93,0.001,0.46,6.96,0.001,0.001,0.01,0.01,11.78,0.002,0.0005
FRY,FRY0,2021,Fall,7.1,7.24,12.4,460,350,115.7,194.6,0.39,0.02,0.02,0.26,0.01,1.34,10.3,116.29,0,141.18,25.49,20.08,2.31,44.91,4.75,3.59,0.33,0.18,0.27,0.285,16.75,0.07,0.22,0.28,4.06,0.1,0.075,501.45,0.001,0.001,0.005,0.01,65.26,0.002,0.38
FRY,FRY1,2021,Fall,8.3,7.58,12.6,468,358,112.1,201.1,0.41,0.02,0.01,0.28,0.01,1.27,10.63,120.87,0,136.76,24.47,20.98,2.37,46.02,4,3.32,0.24,0.18,0.11,0.285,0.35,0.05,0.21,0.25,3.98,0.07,0.19,506.01,0.001,0.001,0.005,0.01,61.58,0.002,0.41
FRY,FRY2,2021,Fall,8.3,7.75,13,480,370,114.1,214.7,0.37,0.01,0.005,0.27,0.01,1.23,10.49,125.74,0,139.2,26.35,22.35,2.49,49.24,4.31,3.61,0.25,0.18,0.13,0.285,0.27,0.06,0.19,0.13,5.51,0.08,1.01,530.73,0.001,0.001,0.005,0.01,63.69,0.002,0.4
FRY,FRY3,2021,Fall,7.4,7.92,13.3,473,368,111.5,213.5,0.39,0.02,0.01,0.54,0.01,1.18,10.76,124.01,0,136.03,24.82,22.1,2.47,49.18,3.7,4.05,0.29,0.2,0.19,0.285,0.82,0.06,0.24,0.15,14.53,0.09,0.57,477.58,0.001,0.001,0.005,0.01,64.88,0.002,0.38
FRY,FRY4,2021,Fall,8,7.92,13.7,490,385,114.4,219.2,0.45,0.02,0.02,0.28,0.01,1.37,10.7,131.51,0,139.59,25.12,22.74,2.47,50.4,4.17,4.38,0.3,0.18,0.16,0.285,0.9,0.06,0.24,0.18,4.71,0.08,0.075,502.48,0.001,0.001,0.005,0.01,65.37,0.002,0.38
FRY,FRY5,2021,Fall,8.3,7.91,13.9,509,400,113.7,230.9,0.4,0.02,0.005,0.29,0.01,1.16,10.8,142.41,0,138.71,25.85,23.93,2.51,53.1,5.37,4.15,0.32,0.17,0.15,0.285,1.58,0.06,0.26,0.19,3.88,0.05,0.075,538.7,0.001,0.001,0.005,0.01,64.4,0.002,0.39
FRY,FRY6,2021,Fall,7.2,7.95,14.2,528,420,104.8,255.7,0.41,0.02,0.02,0.3,0.01,1.21,11.6,162.03,0,127.86,20.75,26.97,2.63,58.04,6.4,4.27,0.28,0.18,0.13,0.285,0.51,0.07,0.31,0.13,4.61,0.03,0.2,576.53,0.001,0.001,0.005,0.01,62.43,0.002,0.36
FRY,FRY7,2021,Fall,7.1,7.93,14.9,272,219,83.1,99.8,0.52,0.02,0.01,0.4,0.01,1.15,26.53,13.12,0,101.33,22.25,8.9,1.99,25.34,0.55,3.98,0.35,0.47,0.15,0.285,0.3,0.04,0.06,0.16,7.42,0.05,0.075,159.12,0.001,0.001,0.005,0.01,62.23,0.002,0.07
FRY,FRYT1,2021,Fall,7.6,7.94,15,499,405,211.5,133.9,0.29,0.03,0.005,0.18,0.01,1.05,1.14,65.93,0,258.05,78.87,12.24,2.02,33.5,20.1,5.43,0.35,0.14,0.22,0.285,0.15,0.04,0.09,0.1,5.03,0.07,0.22,731.78,0.001,0.001,0.005,0.01,67.25,0.002,0.75
FRY,FRYT2,2021,Fall,8.1,7.79,14.3,795,634,149,413.5,0.35,0.01,0.01,0.25,0.005,1.23,3.83,292.49,0,181.73,29.64,43.98,3.42,93.28,19.58,3.59,0.27,0.06,0.15,0.285,0.56,0.1,0.62,0.19,4.71,0.03,0.075,1236.97,0.001,0.001,0.005,0.01,44.85,0.002,0.75
FRY,FRYT3,2021,Fall,8,7.96,14.5,507,406,77.8,259.1,0.47,0.02,0.005,0.29,0.01,1.19,3.92,185.19,0,94.96,10.41,28.66,2.66,56.63,1.8,6.86,0.3,0.06,0.14,0.285,1.03,0.07,0.31,0.18,4.03,0.001,0.075,366.48,0.001,0.001,0.005,0.01,58.3,0.002,0.18
LLW,LLW1,2021,Fall,9.9,8.35,12.8,1242,954,139.3,794.8,0.45,0.01,0.02,0.23,0.01,1.19,1.05,598.14,0,169.99,12.34,104.76,5.89,146.11,19.56,6.09,0.22,0.04,0.13,0.285,2.52,0.14,1.11,0.49,19.04,0.01,3.39,2818.87,0.001,0.001,0.01,0.01,80.93,0.002,1.78
LLW,LLW2,2021,Fall,9.6,8.07,13.4,1259,982,142.4,826.6,0.35,0.01,0.02,0.24,0.01,1.16,1.04,610.62,0,173.73,12.88,108.97,6.22,151.92,21.76,6.65,0.19,0.07,0.13,0.285,1.15,0.14,1.18,0.52,17.98,0.04,5.26,2933.03,0.001,0.001,0.01,0.01,75.62,0.002,1.73
LLW,LLW3,2021,Fall,9,8.14,13.6,1307,1025,152.2,876.1,0.32,0.005,0.005,0.21,0.005,1.19,1.07,628.89,0,185.71,12.8,115.39,6.72,161.18,25.51,6.61,0.19,0.04,0.18,0.285,1.72,0.16,1.47,0.55,21.87,0.03,5.04,3018.87,0.001,0.001,0.01,0.01,67.55,0.002,1.8
LLW,LLW4,2021,Fall,9.2,7.97,14.5,1323,1059,156.2,882.5,0.32,0.01,0.005,0.29,0.005,1.1,1.19,640,0,190.61,12.92,116.44,6.84,162.05,27.95,6.35,0.19,0.02,0.17,0.285,1.45,0.16,1.88,0.52,16.51,0.001,4.34,3061.78,0.001,0.001,0.01,0.01,61.8,0.002,1.76
LLW,LLW5,2021,Fall,8.9,8.03,15,1501,1217,196.1,1057.2,0.41,0.005,0.005,0.18,0.005,1.34,1.45,783.6,0,239.24,12.92,147.88,9.1,180.37,10.28,4.93,0.18,0.04,0.23,0.285,1.39,0.17,1.18,0.69,15.2,0.01,2.81,2782.99,0.001,0.001,0.005,0.01,61.92,0.002,2.71
LLW,LLW6,2021,Fall,8.6,7.97,15.6,1880,1543,300.1,1395,0.35,0.005,0.01,0.17,0.005,1.42,1.69,909.22,0,366.1,13.89,197.04,12.2,234.85,14.76,2.04,0.16,-0.02,0.19,0.285,12.25,0.26,2.22,0.93,16.24,0.01,2.25,3346.91,0.001,0.001,0.005,0.01,37.05,0.002,4.42
LLW,LLWT1,2021,Fall,7.2,8.16,14.1,911,721,69.8,533.3,0.62,0.01,0.005,0.49,0.005,1.2,0.86,433.73,0,85.18,17.78,64.82,3.82,107.02,3.97,6.12,0.2,0.02,0.13,0.285,1.38,0.11,0.68,0.31,17.86,0.001,0.95,3463.28,0.001,0.001,0.005,0.01,169.07,0.002,0.73
LLW,LLWT2,2021,Fall,9.3,8.07,14.2,1255,997,139.6,833,0.31,0.01,0.005,0.22,0.005,0.97,1.01,602.4,0,170.36,13.41,105.4,6.16,160.35,37.77,6.8,0.21,0.04,0.28,0.285,1.54,0.14,2.45,0.42,17.59,0.001,7.19,3283.03,0.001,0.001,0.01,0.01,59.04,0.002,1.27
LLW,LLWT3,2021,Fall,7.5,8.05,15.9,1261,1043,131.1,836.5,0.68,0.09,0.005,0.09,0.005,1.66,1.22,617.14,0,159.92,13.28,102.93,6.9,165.78,11.27,7.07,0.19,0.09,0.2,0.285,3.36,0.16,1.09,0.5,14.94,0.05,3.13,2884.2,0.001,0.001,0.005,0.01,90.96,0.002,0.91
ROL,ROL1,2021,Fall,,6.65,11.9,501,377,110.7,216.1,0.27,0.01,0.01,0.14,0.005,1.2,1.01,158.48,0,135.03,21.66,22.23,2.24,50,11.54,2.58,0.41,0.04,0.12,0.285,2.79,0.06,0.36,0.13,4.22,0.03,0.075,711.17,0.001,0.001,0.01,0.01,49.62,0.01,0.25
ROL,ROL2,2021,Fall,7.6,7.74,12.8,633,487,96.5,301.1,0.33,0.02,0.005,0.18,0.01,0.02,1.25,245.33,0,117.68,17.57,33.06,2.66,66.2,5.39,3.29,0.35,0.03,0.1,0.285,1.56,0.08,1.68,0.23,4.75,0.02,0.075,633.29,0.001,0.001,0.01,0.01,50.44,0.002,0.37
ROL,ROL3,2021,Fall,7.1,7.83,13.5,804,629,99,400,0.34,0.02,0.005,0.15,0.005,1.6,1.59,336.59,0,120.73,17.73,44.73,3.09,86.66,4.85,3.22,0.28,0.01,0.12,0.285,3.67,0.1,0.66,0.3,4.48,0.01,0.075,746.12,0.001,0.001,0.01,0.01,54.39,0.002,0.49
ROL,ROL4,2021,Fall,7.4,7.84,13.3,886,689,98.4,493.9,0.38,0.01,0.005,0.23,0.01,1.44,1.88,428.79,0,120.05,19.87,55.76,3.52,106.1,6.44,3.34,0.31,0.04,0.13,0.285,1.14,0.11,0.81,0.39,3.92,0.07,0.075,870.91,0.001,0.001,0.01,0.01,57.6,0.002,0.69
ROL,ROL5,2021,Fall,7.8,7.93,14.1,1029,817,103.1,551.2,0.34,0.01,0.01,0.21,0.01,1.28,2.05,476.95,0,125.78,20.72,62.32,3.79,118.26,8.81,3.34,0.33,0.05,0.11,0.285,1.43,0.12,0.9,0.4,3.55,0.05,0.075,963.06,0.001,0.001,0.01,0.01,53.34,0.002,0.67
ROL,ROL6,2021,Fall,6.4,7.96,13.7,1298,1019,110.6,788.7,0.59,0.03,0.005,0.35,0.01,1.49,3.83,649.6,0,134.98,10.2,94.36,4.93,160.71,3.62,3.71,0.25,0.07,0.18,23.46,25.5,0.19,1.33,0.67,4.33,0.13,0.075,837.5,0.001,0.001,0.01,0.01,52.8,0.002,1.39
ROL,ROLT1,2021,Fall,,7.51,12.9,425,327,142.7,159.3,0.28,0.01,0.01,0.16,0.005,0.94,0.78,88.68,0,174.09,30.94,13.89,1.94,40.97,25.54,3.53,0.41,0.03,0.12,0.285,2.08,0.05,0.41,0.025,15.01,0.001,0.075,1002.93,0.001,0.001,0.01,0.01,56.55,0.002,0.17
ROL,ROLT2,2021,Fall,8,7.93,14.6,1053,845,121.9,536.5,0.39,0.04,0.01,0.32,0.01,1.19,1.06,472.63,0,148.74,34.18,56.6,3.66,121.75,20.56,3.16,0.38,0.04,0.13,0.285,0.82,0.12,0.91,0.26,4.09,0.01,0.075,1385.19,0.001,0.001,0.01,0.01,52.03,0.002,0.4
SPC,SPC1,2021,Fall,9.5,8.57,12.5,501,382,171,165.6,0.25,0.04,0.02,0.12,0.03,1.25,5.21,95.69,0,208.57,62.21,15.08,2.15,41.53,21.07,4.98,0.3,0.11,0.09,7.05,2.52,0.06,0.52,0.025,3.6,0.32,1.41,410.89,0.001,0.001,0.005,0.01,70.6,0.002,0.23
SPC,SPC2,2021,Fall,8.8,8.09,12.6,516,394,170.9,185.4,0.3,0.04,0.02,0.11,0.02,1.28,5.32,104.72,0,208.55,61.65,16.79,2.3,46.63,24.02,4.43,0.45,0.2,0.14,21.64,39.14,0.12,0.55,0.025,4.14,0.41,2.63,467.98,0.23,0.02,0.02,0.01,76.29,0.002,0.28
SPC,SPC3,2021,Fall,9.1,8.06,12.9,535,412,143.9,232.5,0.23,0.005,0.005,0.11,0.005,1.33,5.84,138.55,0,175.53,41.07,21.47,2.69,57.81,25.6,3.54,0.29,0.07,0.11,10.21,30.93,0.13,0.76,0.05,4.69,0.15,0.99,590.9,0.001,0.001,0.005,0.01,63.95,0.002,0.3
SPC,SPC4,2021,Fall,9.1,7.61,14.2,579,460,145.5,248.6,0.31,0.01,0.02,0.08,0.005,1.35,6.22,160.58,0,177.51,41.85,23.63,2.81,60.66,31.36,4,0.27,0.05,0.07,18.04,87.2,0.18,1.25,0.09,24.94,0.16,0.41,677.38,0.001,0.001,0.005,0.01,63.54,0.002,0.35
SPC,SPC5,2021,Fall,9.3,7.9,15.4,610,499,137.1,276.3,0.25,0.005,0.01,0.12,0.005,1.33,7.09,184.13,0,167.29,40.29,27.08,3.19,66.1,38.73,5.95,0.26,0.06,0.07,13.3,42.75,0.14,1.33,0.17,8.32,0.03,0.85,797.07,0.001,0.001,0.005,0.01,61.49,0.002,0.39
SPC,SPC6,2021,Fall,8.8,7.61,15.2,641,522,,,,,,,,1.43,7.73,201.61,,,,,,,,,,,,,,,,,,,,,,,,,,,
SPC,SPC7,2021,Fall,7.5,7.95,16,709,587,172.7,298.5,0.43,0.005,0.01,0.16,0.005,1.47,7.64,207.56,0,210.74,59.03,29.32,3.24,71.33,46.85,4.72,0.27,0.08,0.11,0.285,29.06,0.12,0.93,0.23,13.86,0.1,1.25,951.59,0.001,0.001,0.005,0.01,70.93,0.002,0.59
SPC,SPC8,2021,Fall,6.9,7.81,15.5,756,620,182,317.8,0.34,0.005,0.04,0.16,0.005,1.5,8.07,227.44,0,221.99,65.7,31.72,3.38,75.08,54.65,4.25,0.31,0.07,0.11,14.8,129.44,0.22,1.46,0.4,16,0.12,1.25,1039.06,0.001,0.001,0.005,0.01,70.31,0.002,0.61
SPC,SPCT2,2021,Fall,5.3,8.12,14.5,222,178,105.2,107.7,0.25,0.02,0.05,0.1,0.005,1.11,2.07,10.74,0,128.34,8.81,6.99,1.69,31.63,0.65,2.52,0.32,0.04,0.11,387.16,164.35,0.22,0.32,0.025,6.49,0.24,0.81,85.79,0.001,0.001,0.005,0.01,50.32,0.002,0.08
SPC,SPCT3,2021,Fall,0.7,7.67,14.2,259,206,152.1,77.1,2.44,0.79,0.16,0.03,0.005,1.48,2.27,4.02,0,185.51,44.24,4.98,1.49,22.68,0.71,1.6,0.36,0.06,0.06,1076.05,851.83,0.77,0.25,0.025,21.4,0.96,0.36,95.83,0.001,0.001,0.005,0.01,81.53,0.002,0.02
SPC,SPCT4,2021,Fall,6.4,7.74,15.1,122,99,41.7,51.4,0.42,0.005,0.005,0.26,0.005,1.19,2.34,8.61,0,50.86,3.13,4.23,2.09,13.6,0.5,5.56,0.27,0.09,0.14,0.285,0.87,0.04,0.005,0.12,35.25,0.001,1.11,83.26,0.001,0.001,0.005,0.01,32.09,0.002,0.02
CRO,CRO1,2022,Spring,11.5,7.57,8.6,51,35,12.8,17.5,0.24,0.01,0.005,0.08,0.005,1.14,1.83,9.57,0,15.6,1.95,1.96,1.14,3.77,0.52,2.99,0.5,0.08,0.04,0.285,1.09,0.02,0.18,0.3,19.5,0.001,0.075,24.43,0.001,0.02,0.005,0.01,18.97,0.002,0.02
CRO,CRO2,2022,Spring,11.3,7.65,8.8,54,38,13.2,17.2,0.18,0.03,0.005,0.08,0.005,1.12,1.87,9.56,0,16.15,1.91,1.91,1.11,3.76,0.49,2.71,0.41,0.06,0.02,0.285,0.79,0.02,0.16,0.25,6.94,0.001,0.075,24.22,0.001,0.01,0.005,0.01,19.05,0.002,0.02
CRO,CRO3,2022,Spring,10.8,7.51,8.9,55,38,13.5,17.5,0.23,0.03,0.03,0.09,0.005,1.1,1.92,9.48,0,16.46,1.92,1.93,1.1,3.82,0.5,3.1,0.35,0.05,0.02,0.285,1.09,0.02,0.17,0.27,6.73,0.001,0.075,25.05,0.001,0.01,0.005,0.01,19.67,0.002,0.01
CRO,CRO4,2022,Spring,11,7.54,9.8,55,39,13.4,17.9,0.19,0.01,0.03,0.09,0.005,1.01,2.22,9.14,0,16.31,1.96,1.95,1.06,3.95,0.45,3.63,0.33,0.06,0.03,2.84,2.67,0.03,0.16,0.23,5.5,0.001,0.075,24.8,0.001,0.01,0.005,0.01,18.58,0.002,0.01
CRO,CRO5,2022,Spring,10.7,7.26,10.2,53,38,18,20.8,0.27,0.02,0.03,0.07,0.005,1.18,1.03,9.17,0,21.9,1.84,2.12,1.03,4.85,0.55,3.96,0.38,0.06,0.03,23.59,11.38,0.06,0.21,0.26,17.01,0.001,0.075,26.52,0.001,0.001,0.005,0.01,21.85,0.002,0.01
CRO,CRO6,2022,Spring,9.9,7.15,10.4,50,36,12.5,15.6,0.65,0.02,0.04,0.11,0.005,1.21,1.3,9.29,0,15.3,1.88,1.73,1.05,3.4,0.45,4.29,0.32,0.04,0.04,41.04,15.28,0.07,0.26,0.54,15.56,0.001,0.075,21.28,0.001,0.001,0.005,0.01,18.06,0.002,0.01
CRO,CRO7,2022,Spring,10,7.09,9.8,43,30,15.7,12.2,0.39,0.01,0.04,0.23,0.005,0.79,0.94,8.82,0,19.12,1.59,1.45,0.92,2.51,0.24,4.07,0.37,0.03,0.05,6.78,2.9,0.03,0.13,0.12,24.25,0.001,0.075,16.97,0.001,0.001,0.005,0.01,14.4,0.002,0.01
CRO,CROT1,2022,Spring,11.3,7.46,9.2,50,35,12.1,15.7,0.23,0.02,0.05,0.11,0.005,1.01,0.73,9.98,0,14.73,1.62,1.79,1.15,3.33,0.43,2.82,0.19,0.03,0.01,0.285,0.69,0.02,0.11,0.18,7.76,0.001,0.075,20.32,0.001,0.001,0.005,0.01,18.22,0.002,0.01
CRO,CROT2,2022,Spring,11,7.22,10.2,53,38,16.2,,0.47,0.01,0.06,0.11,0.005,1.12,4.12,9.07,0,19.76,,,,,,,,,,,,,,,,,,,,,,,,,
CRO,CROT3,2022,Spring,9.4,7.16,9.8,55,39,15.9,18.2,0.18,0.03,0.04,0.04,0.005,1.63,1.01,9.15,0,19.43,1.76,1.96,1.08,4.07,0.56,4.3,0.28,0.03,0.04,26.36,13.88,0.05,0.19,0.43,75.72,0.001,0.075,23.22,0.001,0.001,0.005,0.01,20.53,0.002,0.01
CRO,CROT4,2022,Spring,10.6,7.68,7.8,71,48,,,,,,,,,,,,,,,,,,,,,,,,,,,,,,,,,,,,,
CRO,CROT5,2022,Spring,10.6,7.37,10.8,105,77,,,,,,,,,,,,,,,,,,,,,,,,,,,,,,,,,,,,,
CRO,CROT6,2022,Spring,9.4,6.96,9.5,43,31,,,,,,,,,,,,,,,,,,,,,,,,,,,,,,,,,,,,,
EAS,EAS1,2022,Spring,10.9,8.02,9.2,21,14,11.9,7.3,0.25,0.005,0.05,0.13,0.01,0.43,0.29,2.78,0,14.46,0.48,0.46,0.29,2.14,0.13,3.72,0.07,0.01,0.07,0.285,0.32,0.01,0.1,0.025,23.91,0.001,0.075,9.78,0.001,0.001,0.005,0.01,9.85,0.002,0.01
EAS,EAS2,2022,Spring,11.1,7.5,9.3,22,15,13.3,8.1,0.27,0.01,0.04,0.17,0.01,0.42,0.39,2.72,0,16.21,0.48,0.47,0.28,2.48,0.15,3.61,0.09,0.02,0.05,0.285,0.27,0.01,0.07,0.025,24.44,0.001,0.075,10.45,0.001,0.01,0.005,0.01,9.55,0.002,0.02
EAS,EAS3,2022,Spring,10.6,7.42,9.5,18,13,9.4,6.3,0.27,0.02,0.005,0.17,0.005,0.51,0.3,2.64,0,11.44,0.48,0.44,0.29,1.78,0.15,3.89,0.08,0.01,0.04,0.285,0.3,0.01,0.07,0.025,22.65,0.001,0.075,8.25,0.001,0.001,0.005,0.01,8.86,0.002,0.01
EAS,EAS4,2022,Spring,10.7,7.14,9.6,17,12,7.8,5.5,0.35,0.02,0.005,0.2,0.005,0.51,0.26,2.46,0,9.49,0.47,0.41,0.29,1.53,0.14,4.41,0.04,0.005,0.03,0.285,0.34,0.01,0.09,0.025,22.95,0.001,0.075,7.49,0.001,0.001,0.005,0.01,8.86,0.002,0.01
EAS,EAS5,2022,Spring,10.7,7.01,9.8,16,11,6.6,5.1,0.33,0.01,0.03,0.19,0.005,0.55,0.26,2.36,0,8.02,0.48,0.39,0.29,1.4,0.16,4.99,0.02,0.005,0.04,0.285,0.47,0.01,0.11,0.025,22.76,0.001,0.075,7.2,0.001,0.001,0.005,0.01,8.84,0.002,0.0005
EAS,EAS6,2022,Spring,10.3,7.02,9.8,15,11,6.7,4.9,0.31,0.005,0.005,0.2,0.005,0.66,0.3,2.31,0,8.2,0.48,0.38,0.28,1.33,0.14,5.66,0.03,0.01,0.04,0.285,0.45,0.01,0.12,0.025,24.57,0.001,0.075,7.03,0.001,0.001,0.005,0.01,8.63,0.002,0.0005
EAS,EAS7,2022,Spring,10.6,6.57,10,14,10,5.7,4.4,0.31,0.005,0.005,0.25,0.005,0.51,0.24,2.17,0,6.89,0.46,0.38,0.27,1.14,0.15,5.93,0.02,0.005,0.03,0.285,0.54,0.01,0.11,0.025,25.47,0.001,0.075,6.59,0.001,0.001,0.005,0.01,8.15,0.002,0.0005
EAS,EAS8,2022,Spring,10.2,6.45,10.3,14,10,4.8,4.1,0.43,0.01,0.005,0.32,0.005,0.64,0.3,2.16,0,5.88,0.52,0.4,0.32,0.99,0.13,8.3,0.06,0.01,0.03,0.285,0.88,0.01,0.14,0.05,23.52,0.001,0.075,6.37,0.001,0.001,0.005,0.01,8.44,0.002,0.0005
EAS,EAS9,2022,Spring,10.4,6.2,9.3,14,10,4.3,4,0.55,0.01,0.005,0.41,0.005,0.54,0.27,1.96,0,5.29,0.49,0.4,0.32,0.95,0.15,8.88,0.02,0.01,0.03,0.285,0.98,0.01,0.15,0.09,23.05,0.001,0.075,5.91,0.001,0.001,0.01,0.01,9.34,0.002,0.0005
EAS,EAST,2022,Spring,10.1,8.04,9.4,14,10,,,,,,,,,,,,,,,,,,,,,,,,,,,,,,,,,,,,,
EAS,EAST01,2022,Spring,9.3,7.73,9.5,13,9,4.4,3.4,0.12,0.01,0.005,0.02,0.005,0.48,0.32,2.72,0,5.4,0.43,0.37,0.31,0.74,0.15,6.11,0.03,0.005,0.03,0.285,0.74,0.02,0.23,0.025,24.19,0.001,0.075,5.22,0.001,0.001,0.01,0.01,9.2,0.002,0.0005
EAS,EAST2,2022,Spring,10.1,6.83,10.2,13,9,,,,,,,,,,,,,,,,,,,,,,,,,,,,,,,,,,,,,
EAS,EAST3,2022,Spring,10.1,4.75,10.2,14,11,,,,,,,,,,,,,,,,,,,,,,,,,,,,,,,,,,,,,
FRY,FRY1,2022,Spring,11.3,7.96,10,343,245,76,133.6,0.3,0.01,0.005,0.13,0.005,0.96,6,102.03,0,92.72,14.57,13.42,1.65,31.44,4.78,1.52,0.05,0.07,0.04,0.285,0.67,0.03,0.28,0.27,23.57,0.001,0.075,405.55,0.001,0.001,0.005,0.01,38.17,0.002,0.1
FRY,FRY2,2022,Spring,11,7.87,10.2,346,248,74.4,132.4,0.86,0.02,0.03,0.15,0.005,1.25,5.95,100.21,0,90.72,13.91,13.32,1.69,31.12,4.19,1.93,0.16,0.1,0.04,0.285,0.77,0.03,0.31,0.4,25.12,0.001,0.075,375.24,0.001,0.01,0.005,0.01,37.18,0.002,0.11
FRY,FRY3,2022,Spring,11.2,7.99,10.7,326,237,68.3,126.4,0.31,0.01,0.005,0.12,0.005,0.94,6.03,94.12,0,83.37,12.36,12.57,1.59,29.96,3.2,1.76,0.1,0.07,0.04,0.285,0.73,0.03,0.27,0.21,23.59,0.001,0.075,318.1,0.001,0.001,0.005,0.01,34.72,0.002,0.09
FRY,FRY4,2022,Spring,12,8.04,11.5,325,241,65.7,127.4,0.29,0.01,0.005,0.11,0.005,1.16,6.12,95.1,0,80.11,11.9,12.74,1.6,30.07,3.28,2.23,0.11,0.08,0.05,0.285,1.15,0.03,0.28,0.23,22.22,0.001,0.075,316.29,0.001,0.001,0.005,0.01,33.16,0.002,0.09
FRY,FRY5,2022,Spring,11.1,8.03,12.9,312,240,60.7,121.6,0.25,0.005,0.005,0.12,0.005,0.94,6.28,92.61,0,74.1,10.91,12.26,1.53,28.52,3.24,2.74,0.09,0.08,0.04,0.285,1.05,0.03,0.24,0.54,24.23,0.001,0.075,288.04,0.001,0.001,0.005,0.01,30.91,0.002,0.09
FRY,FRY6,2022,Spring,10.6,8.26,13.7,309,243,54.2,124.6,0.29,0.01,0.005,0.15,0.005,0.9,6.63,95.78,0,66.1,8.91,12.7,1.59,29.01,2.89,3.39,0.08,0.09,0.04,0.285,0.94,0.03,0.25,0.19,21.07,0.001,0.075,269.56,0.001,0.001,0.005,0.01,29.91,0.002,0.07
FRY,FRY7,2022,Spring,10.4,8.05,13,128,99,35,38.9,0.32,0.005,0.005,0.16,0.01,0.96,9.13,14.85,0,42.68,8.29,3.53,1.15,9.74,0.43,3.64,0.13,0.12,0.03,0.285,0.76,0.02,0.23,0.58,25.4,0.001,0.075,74.82,0.001,0.001,0.005,0.01,25.5,0.002,0.01
FRY,FRY8,2022,Spring,10.4,7.89,13,120,93,31.9,36.2,0.52,0.005,0.005,0.18,0.005,0.9,8.73,14.22,0,38.94,7.69,3.35,1.09,9.01,0.43,3.7,0.14,0.11,0.02,0.285,0.54,0.02,0.11,0.1,21.08,0.001,0.075,74.69,0.001,0.001,0.005,0.01,25.2,0.002,0.01
FRY,FRY9,2022,Spring,10,7.61,12.3,61,46,25.9,16.9,0.34,0.01,0.005,0.24,0.005,0.76,3.51,10.26,0,31.57,3.91,1.83,1.02,3.76,0.29,2.99,0.16,0.04,0.01,0.285,0.43,0.01,0.12,0.09,24.81,0.001,0.075,35.46,0.001,0.001,0.005,0.01,18.45,0.002,0.0005
FRY,FRYT1,2022,Spring,10.5,7.94,10.4,407,494,155.5,113.1,0.21,0.02,0.005,0.09,0.01,0.85,0.83,70.19,0,189.73,45.56,10.21,1.54,28.49,14.63,4.08,0.19,0.07,0.05,0.285,0.17,0.03,0.22,0.13,22.81,0.001,0.075,644.95,0.001,0.001,0.005,0.01,49.91,0.002,0.24
FRY,FRYT2,2022,Spring,9.9,7.96,12.1,681,514,115.5,333.9,0.33,0.005,0.005,0.23,0.005,0.95,2.94,268.65,0,140.86,14.21,34.38,2.82,77.19,11.94,1.9,0.12,0.04,0.04,0.285,0.64,0.06,0.61,0.26,20.74,0.001,0.075,901.69,0.001,0.001,0.005,0.01,34.18,0.002,0.33
FRY,FRYT3,2022,Spring,10.5,8.07,12.3,401,304,49.5,182.1,0.37,0.01,0.005,0.21,0.01,0.82,2.65,161.19,0,60.41,6.07,19.25,1.93,41.28,2.04,3.96,0.17,0.06,0.04,0.285,1.3,0.04,0.38,0.22,17.35,-0.12,0.075,267.13,0.001,0.01,0.005,0.01,39.9,0.002,0.06
FRY,FRYT4,2022,Spring,10.2,7.93,11.7,586,437,,,,,,,,,,,,,,,,,,,,,,,,,,,,,,,,,,,,,
FRY,FRYT5,2022,Spring,9.8,7.96,12,178,134,,,,,,,,,,,,,,,,,,,,,,,,,,,,,,,,,,,,,
LLW,LLW1,2022,Spring,11.5,8.47,9.2,907,635,100.2,472.5,0.28,0.005,0.005,0.23,0.005,1.92,0.83,420.29,0,122.2,7.42,58.64,4.08,92.83,14.64,3.44,0.1,0.04,0.08,0.285,0.69,0.08,1.08,0.5,15.78,0.001,2.95,1790.98,0.001,0.001,0.01,0.01,42.05,0.002,0.72
LLW,LLW2,2022,Spring,11.1,8.49,10.9,927,679,104.6,491.9,0.34,0.005,0.005,0.22,0.005,1.41,0.88,435.83,0,127.61,7.65,60.37,4.33,97.77,15.31,3.86,0.05,0.03,0.07,0.285,0.91,0.08,1.24,0.46,15.74,0.001,3.09,1869.94,0.001,0.001,0.01,0.01,41.61,0.002,0.68
LLW,LLW3,2022,Spring,10.3,8.42,12.3,1062,805,123.5,573,0.33,0.01,0.005,0.19,0.005,1.8,0.88,504.38,0,150.65,8.33,70.15,5.1,114.14,19.04,4.28,0.05,0.03,0.07,0.285,0.98,0.09,1.57,0.48,2.87,0.001,4.12,2104.85,0.001,0.001,0.01,0.01,38.65,0.002,0.76
LLW,LLW4,2022,Spring,10.8,8.37,11.9,1105,828,128.2,595,0.29,0.005,0.005,0.16,0.005,1.85,0.94,538.6,0,156.4,8.59,72.27,5.36,119.48,20.35,4.73,0.06,0.02,0.08,0.285,0.81,0.1,1.85,0.51,23.99,0.001,4.34,2220.17,0.001,0.001,0.01,0.01,37.82,0.002,0.83
LLW,LLW5,2022,Spring,10.8,8.39,10.3,1362,982,190.8,782,0.33,0.005,0.005,0.21,0.005,1.25,1.14,652.43,0,232.75,8.44,100.3,7.32,148.29,9.1,3.16,0.03,0.02,0.11,0.285,1.14,0.12,1.27,0.66,12.75,0.001,1.75,2173.89,0.001,0.001,0.005,0.01,40.14,0.002,1.7
LLW,LLW6,2022,Spring,10.4,8.39,11.2,1687,1245,273.4,1030.1,0.43,0.01,0.07,0.3,0.005,1.14,1.3,812.07,0,333.6,9.12,132.7,9.83,194.43,12.82,3.1,0.01,0.005,0.1,0.285,40.74,0.19,1.86,1,11.49,0.001,2.35,2680.76,0.001,0.001,0.005,0.01,32.54,0.002,2.46
LLW,LLWT1,2022,Spring,11.5,8.33,9.4,395,278,30.3,173,0.46,0.005,0.005,0.36,0.005,1.77,0.67,171.82,0,37.01,6.15,20.45,1.83,35.67,2.33,3.39,0.05,0.005,0.07,0.285,0.63,0.04,0.42,0.19,13.31,0.001,0.075,1022.62,0.001,0.001,0.005,0.01,55.91,0.002,0.12
LLW,LLWT2,2022,Spring,10.5,8.41,12.1,1015,766,110.4,560.6,0.34,0.005,0.03,0.25,0.005,1.25,0.86,492.08,0,134.69,9.26,66.89,4.87,114.56,26.57,5.75,0.04,0.02,0.09,0.285,1.02,0.1,2.55,0.46,11.33,0.001,5.12,2300.71,0.001,0.001,0.01,0.01,35.68,0.002,0.55
LLW,LLWT3,2022,Spring,11.3,8.37,8.2,1136,773,118.4,641.3,0.23,0.01,0.005,0.05,0.005,1.13,0.95,566.34,0,144.42,10.18,74.06,5.37,135.07,10.41,2.95,0.005,0.04,0.1,0.285,0.93,0.11,1.28,0.51,10.18,0.001,2.71,2304.38,0.001,0.001,0.005,0.01,62.5,0.002,0.73
LLW,LLWT4,2022,Spring,10.9,8.92,8.8,43,30,,,,,,,,,,,,,,,,,,,,,,,,,,,,,,,,,,,,,
ROL,ROL1,2022,Spring,11.3,9.28,9.1,516,359,90.2,227.1,0.28,0.01,0.005,0.1,0.005,0.91,1.15,186.95,0,110.07,17.12,23.62,2.13,52.09,,2.09,0.18,0.03,0.06,0.285,2.38,0.06,0.55,0.26,22.94,0.001,0.59,620.88,0.001,0.01,0.005,0.01,41.8,0.002,0.19
ROL,ROL2,2022,Spring,10.7,8.04,10.4,620,448,86.3,293.7,0.19,0.005,0.005,0.1,0.005,0.91,1.39,255.5,0,105.26,15.14,31.87,2.4,65.2,5.21,2.13,0.13,0.02,0.05,0.285,0.52,0.06,0.64,0.3,22.6,0.001,0.075,610.51,0.001,0.001,0.005,0.01,41.83,0.002,0.24
ROL,ROL3,2022,Spring,9.9,7.83,11.2,665,490,89.3,324.9,0.3,0.005,0.005,0.13,0.005,1.1,1.61,271.17,0,108.92,15.29,35.28,2.59,72.1,5.8,2.09,0.1,0.01,0.05,0.285,4.55,0.07,0.73,0.38,22.03,0.001,0.075,656.06,0.001,0.001,0.005,0.01,42.52,0.002,0.28
ROL,ROL4,2022,Spring,9.8,7.88,12.4,819,623,85.7,420.6,0.33,0.01,0.005,0.09,0.005,1.23,2.04,376.29,0,104.58,14.93,46.09,3.17,92.65,6.16,2.15,0.06,0.03,0.08,0.285,1.08,0.09,0.98,0.49,19.25,0.001,0.075,735.18,0.001,0.001,0.005,0.01,45.14,0.002,0.35
ROL,ROL5,2022,Spring,9.8,8.06,14.2,954,759,82,515.4,0.32,0.005,0.005,0.11,0.005,1.21,2.39,459.19,0,100.09,15.21,56.95,3.72,112.77,7.13,2.71,0.09,0.05,0.11,0.285,1.08,0.1,1.08,0.55,23.21,0.001,0.6,825.71,0.001,0.001,0.005,0.01,42.06,0.002,0.44
ROL,ROL6,2022,Spring,8.4,7.95,13.8,1244,978,92.7,730.6,0.57,0.01,0.04,0.3,0.005,1.51,4.15,646.95,0,113.12,8.95,82.9,4.84,156.28,3.61,2.49,0.02,0.04,0.13,0.285,4.22,0.14,1.63,0.8,21.34,0.001,1.78,789.5,0.001,0.001,0.01,0.01,41.94,0.002,0.91
ROL,ROL7,2022,Spring,10.8,7.93,10.5,1505,1089,132.1,953.2,0.73,0.005,0.03,0.53,0.005,1.35,5.19,783.57,0,161.19,10.79,105.67,5.45,207.96,4.76,1.97,0.08,0.02,0.15,0.285,8.35,0.18,2.43,0.88,25.36,0.001,2.56,1059.04,0.001,0.001,0.01,0.01,28.25,0.002,1.42
ROL,ROLT1,2022,Spring,10.5,8.09,12,367,277,111.1,132.5,0.3,0.005,0.005,0.15,0.005,0.78,0.75,84.14,0,135.49,25.06,11.33,1.76,34.41,18.12,2.47,0.22,0.01,0.05,0.285,1.55,0.04,0.51,0.4,25.77,0.001,0.075,806.8,0.001,0.001,0.005,0.01,46.65,0.002,0.1
ROL,ROLT2,2022,Spring,10.4,8.11,12.2,838,634,92.9,407.3,0.29,0.005,0.005,0.18,0.005,0.92,0.9,377.06,0,113.29,21.25,42.58,3.13,93.07,13.96,2.13,0.22,0.02,0.06,0.285,0.42,0.08,0.94,0.31,20.74,0.001,0.075,922.72,0.001,0.001,0.005,0.01,36.64,0.002,0.17
ROL,ROLT3,2022,Spring,10.6,8.21,9.5,271,191,,,,,,,,,,,,,,,,,,,,,,,,,,,,,,,,,,,,,
SPC,SPC1,2022,Spring,12.5,8.27,6.6,379,247,104.7,125.2,0.12,0.005,0.005,0.03,0.005,1.02,4.21,89.01,0,127.78,30.83,11.32,1.61,31.51,16.85,3.7,0.04,0.02,0.05,0.285,7.27,0.06,1.07,0.15,7.28,0.001,0.075,342.82,0.001,0.001,0.005,0.01,43.63,0.002,0.09
SPC,SPC2,2022,Spring,12.7,8.42,7.5,396,264,106.5,129.9,0.17,0.02,0.005,0.03,0.01,1.02,4.47,96.66,0,129.98,31.02,11.74,1.69,32.69,19.16,3.63,0.17,0.06,0.05,0.285,32.63,0.1,1.28,0.17,16.89,0.001,0.075,364.8,0.001,0.01,0.005,0.01,41.51,0.002,0.11
SPC,SPC3,2022,Spring,12.7,8.37,7.6,399,267,91.2,148.4,0.25,0.005,0.005,0.07,0.005,0.99,4.77,113.78,0,111.31,23.54,13.64,1.86,37,20.81,3.91,0.15,0.03,0.04,15.77,44.33,0.14,1.91,0.24,24.42,0.001,0.075,419.71,0.001,0.001,0.01,0.01,35.97,0.002,0.12
SPC,SPC4,2022,Spring,11.3,8.24,11.7,433,324,96.7,162.6,0.38,0.005,0.005,0.09,0.005,1.05,5.13,129.74,0,118,24.77,15.12,2.03,40.25,26,6.78,0.1,0.02,0.04,12.71,68.38,0.19,2.54,0.25,16.6,0.001,0.075,496.42,0.001,0.001,0.01,0.01,37.63,0.002,0.13
SPC,SPC5,2022,Spring,10.4,8.08,12.3,444,337,88.7,173.5,0.24,0.005,0.005,0.11,0.005,1.1,5.41,139.48,0,108.17,24.62,16.36,2.22,42.57,29.47,10.64,0.13,0.03,0.05,36.4,45.5,0.19,3.22,0.3,18.52,0.001,0.075,540.23,0.001,0.001,0.01,0.01,37.82,0.002,0.15
SPC,SPC6,2022,Spring,10.2,8.08,12.3,440,334,86.4,173.4,0.27,0.005,0.005,0.13,0.005,0.89,5.63,143.39,0,105.41,25.74,16.77,2.21,41.85,32.4,11.37,0.1,0.03,0.06,14.93,44.21,0.3,4.79,0.28,22.78,0.001,0.075,562.21,0.001,0.001,0.02,0.01,35.29,0.002,0.15
SPC,SPC7,2022,Spring,10.7,7.96,11,403,296,91.6,147.9,0.28,0.005,0.005,0.16,0.005,0.98,5.12,114.27,0,111.8,25.95,13.9,1.99,36.38,24.82,3.42,0.15,0.03,0.05,41.43,26.19,0.11,1.03,0.31,73.43,0.001,0.075,495.49,0.001,0.001,0.01,0.01,36.56,0.002,0.16
SPC,SPC8,2022,Spring,10.6,7.74,10.5,427,309,98.5,160.7,0.28,0.01,0.005,0.18,0.005,0.95,5.59,127.36,0,120.19,29.97,15.36,2.05,39.1,29.77,1.6,0.11,0.03,0.06,26.37,51.09,0.15,1.23,0.21,15.35,0.001,0.075,553.07,0.001,0.001,0.005,0.01,36.96,0.002,0.17
SPC,SPC8DS,2022,Spring,10.6,7.77,10.6,410,298,93,145.8,0.28,0.005,0.005,0.18,0.005,0.96,5.12,115.21,0,113.51,26.3,13.47,2.36,36.25,25.5,21.41,0.66,0.07,0.43,9954.12,74.73,0.43,2.38,3.92,2323.32,0.001,0.075,502.11,0.001,0.01,0.03,0.01,37.73,0.05,0.21
SPC,SPCT2,2022,Spring,9.6,8.12,8.8,85,58,34.4,24.1,0.51,0.005,0.005,0.41,0.005,0.69,1.6,10.67,0,41.92,2.22,2.17,1.07,6.08,0.21,2.17,0.09,0.005,0.06,126.28,17.9,0.04,0.26,0.07,23.71,0.001,0.075,26.97,0.001,0.001,0.005,0.01,16.27,0.002,0.01
SPC,SPCT3,2022,Spring,9.2,8.31,10.6,148,108,,,,,,,,,,,,,,,,,,,,,,,,,,,,,,,,,,,,,
SPC,SPCT4,2022,Spring,10.4,7.81,9.6,110,78,35.2,,,,,,,,,,,,,,,,,,,,,,,,,,,,,,,,,,,,