Stream,Stream_Type,dist.d,Site,Season,Hshannon.mac,rich,rich.E,rich.EPT,pEPT.less.H,pEPT,pE,rich.E.less.B,pE.less.B,pP,pP.less.Amph,pT,pPT.H,pChi,pD,pChiO,p1dom,p5dom,rich.SC,pPR,rich.Cling,pCling,pSprawl,pSwimm,ph,temp.C,sc.uScm,no2no3.n.mgl,npoc.mgl,na.mgl,ca.mgl,fe.ugl,ni.ugl,as.ugl,se.ugl,ba.ugl,u.ugl,ca.mg,pfines,D16,D90,Hsimpson.peb,avgwetwidth,avgembedd,avgvegprotecL,avgvegprotecR,avg.slope
CRO (R),Reference 1,2050,CRO1,Fall,2.681335137,30,5,18,40,62.43902439,18,5,18,18.5,18.5,25.9,22,7.8,16.6,9.268292683,19.5,65.9,7,16.6,20,50.7,15.1,14.6,7.2,16.1,79,0.16,1.43,2.82,6.4,0.285,0.03,0.001,0.59,33.14,0.01,1.758241758,9.708737864,4.512,180,0.903949477,1.2,8,10,9,2.75
CRO (R),Reference 1,1900,CRO2,Fall,2.913376642,32,6,18,36.71497585,53.62318841,17.4,5,16.4,15.5,15.5,20.8,19.3,15.9,26.6,15.94202899,19.3,65.2,8,16.4,20,49.3,8.2,14,8.11,14.9,76,0.15,1.58,2.79,6.83,0.285,0.1,0.001,0.47,36.84,0.01,1.845945946,8.849557522,8,180,0.904534419,1.266666667,8.333333333,10,10,3.5
CRO (R),Reference 1,1530,CRO3,Fall,3.092664537,37,6,22,35.9223301,48.05825243,15.5,5,15,15,15,17.5,20.4,17,27.2,18.93203883,19.4,65.5,8,13.6,21,47.6,10.2,12.6,7.53,14.7,77,0.15,2.03,2.99,7.86,36.75,0.14,0.01,0.69,34.12,0.01,1.984848485,19.41747573,2,180,0.885851635,1.65,12.33333333,10,10,3
CRO (R),Reference 1,1160,CRO4,Fall,3.021198109,34,6,21,44.55445545,53.96039604,20.8,5,19.8,17.3,17.3,15.8,23.8,11.9,32.2,12.37623762,19.8,66.8,6,7.4,21,38.6,11.9,19.3,7.37,14.7,82,0.08,2.15,3.51,8.97,232.39,0.17,0.1,0.54,60.23,0.01,2.071593533,13.04347826,4.896,128,0.908553875,0.883333333,18.33333333,10,10,2.5
CRO (R),Reference 1,775,CRO5,Fall,2.767906081,33,7,18,56.18556701,60.82474227,33.5,6,32.5,18.6,18.6,8.8,22.7,15.5,23.2,18.04123711,20.6,69.6,6,8.8,18,36.6,8.8,28.9,7.31,15.1,90,0.16,1.97,3,7.96,257.22,0.13,0.1,0.64,45.47,0.01,2.025445293,10.86956522,5.6,90,0.900283554,1.316666667,13.33333333,10,10,0.83
CRO (R),Reference 1,340,CRO6,Fall,2.935358779,35,6,17,57.27699531,57.74647887,19.2,6,19.2,33.3,33.3,5.2,38,11.3,21.6,12.20657277,18.8,63.4,9,15.5,17,55.4,8.5,11.7,7.48,15.2,85,0.18,1.37,2.3,3.73,96.4,0.16,0.08,0.38,22.01,5.00E-04,1.594017094,14.61538462,4,32,0.882011834,0.766666667,5.666666667,10,10,1
CRO (R),Reference 1,0,CRO7,Fall,2.897292817,32,7,19,52.29885057,55.17241379,30.5,6,29.9,19,19,5.7,21.8,14.9,20.1,16.66666667,23,77.6,6,13.8,17,59.2,6.3,9.8,7.3,15.5,51,0.16,1.7,2.71,6.01,4.1,0.07,0.001,0.5,32.17,5.00E-04,1.73699422,12.08791209,2.8,90,0.913174737,1.083333333,8,10,10,2.5
EAS (R),Reference 2,2115,EAS1,Fall,2.872868421,32,8,24,54.04040404,82.82828283,33.3,6,30.3,11.6,11.6,37.9,20.7,8.1,10.6,8.080808081,20.2,68.2,6,12.6,21,63.1,6.1,20.7,8.67,12.2,24,0.24,0.58,0.62,2.97,0.285,0.005,0.001,1.01,13.5,0.01,4.242857143,0,16,180,0.872164461,2.166666667,14.33333333,9.333333333,8,5
EAS (R),Reference 2,1755,EAS2,Fall,2.733011544,30,7,20,42.25352113,71.36150235,19.7,6,18.3,8.5,8.5,43.2,22.5,10.3,13.1,10.79812207,18.8,63.4,7,16.9,18,70.4,3.3,12.2,7.8,12.2,25,0.24,0.49,0.6,2.99,0.285,0.005,0.001,0.19,12.92,0.01,4.397058824,6.097560976,16,180,0.885187388,1.276666667,14.33333333,10,10,5.5
EAS (R),Reference 2,1505,EAS3,Fall,2.711379076,25,8,19,46.59685864,78.0104712,23.6,6,20.4,13.6,13.6,40.8,23,14.7,15.7,14.65968586,20.9,70.7,7,13.1,17,66,4.2,14.1,7.39,12.8,21,0.27,0.53,0.54,2.3,0.285,0.005,0.001,0.8,12.66,5.00E-04,3.59375,4.545454545,11,180,0.885674931,2.66,15.33333333,10,10,5.25
EAS (R),Reference 2,1180,EAS4,Fall,2.694511039,27,7,20,38.27751196,66.98564593,20.1,5,17.2,8.6,8.6,38.3,18.2,21.1,23.9,21.05263158,19.1,64.6,6,12.4,17,62.7,2.4,12,7.17,13,20,0.27,0.62,0.52,2.13,0.285,0.005,0.001,0.51,13.15,5.00E-04,3.380952381,4.504504505,11,128,0.895544193,1.366666667,15.33333333,10,10,8
EAS (R),Reference 2,855,EAS5,Fall,2.69775835,28,6,21,47.31182796,81.72043011,29,5,27.4,5.9,5.9,46.8,18.3,6.5,7,6.451612903,21.5,72.6,7,10.2,21,78.5,2.2,12.4,7.2,13,19,0.25,0.64,0.53,1.92,0.285,0.005,0.001,0.5,12.85,5.00E-04,3.254237288,9.411764706,8,180,0.891349481,1.126666667,16.66666667,10,10,9.5
EAS (R),Reference 2,615,EAS6,Fall,2.796566972,27,8,22,57.67195767,88.35978836,31.2,6,28.6,13.8,13.8,43.4,26.5,3.7,4.2,4.232804233,21.2,71.4,8,12.2,19,87.3,2.1,5.8,7.09,12.7,18,0.21,0.64,0.52,1.78,0.285,0.005,0.001,0.26,11.83,5.00E-04,3.122807018,9.85915493,11,180,0.88831581,1.6,16,10,10,12.83
EAS (R),Reference 2,330,EAS7,Fall,2.826247548,29,7,20,45.40540541,77.83783784,23.2,6,21.1,8.6,8.6,45.9,22.2,7,9.2,7.027027027,21.6,73,10,13.5,21,84.3,1.1,5.4,6.86,12.8,16,0.18,0.68,0.52,1.46,0.285,0.005,0.001,0.22,11.01,5.00E-04,2.654545455,13.92405063,5.6,128,0.903060407,1.49,14.33333333,10,10,14.5
EAS (R),Reference 2,0,EAS8,Fall,2.894726794,28,6,20,43.2160804,73.36683417,20.1,5,19.1,14.6,14.6,38.7,23.1,10.6,13.1,11.55778894,20.1,67.8,9,13.6,19,80.4,1.5,4,6.73,12.6,15,0.17,0.67,0.49,1.19,0.285,0.005,0.001,0.075,10.51,5.00E-04,2.163636364,15.78947368,2.848,180,0.882437673,1.533333333,8,10,10,14
FRY (MI),Mining Influenced 1,2095,FRY1,Fall,2.5073169,24,2,12,13.27433628,60.17699115,3.5,1,3.1,5.3,5.3,51.3,9.7,1.8,12.8,2.212389381,17.7,59.7,7,6.6,16,82.3,2.7,0.4,7.58,12.6,468,0.28,1.27,24.47,46.02,0.285,0.21,0.07,0.19,61.58,0.41,2.193517636,8.620689655,5.6,128,0.914090369,3.13,10,10,9.666666667,2.5
FRY (MI),Mining Influenced 1,1775,FRY2,Fall,2.468349384,30,4,18,19.40298507,69.65174129,6,3,5.5,5,5,58.7,13.4,2,9.5,3.980099502,19.9,67.2,8,10,20,83.1,3.5,1,7.75,13,480,0.27,1.23,26.35,49.24,0.285,0.19,0.08,1.01,63.69,0.4,2.203131991,5.154639175,11,180,0.899139122,2.15,11.66666667,10,9.333333333,4.5
FRY (MI),Mining Influenced 1,1480,FRY3,Fall,2.296025427,22,1,13,16.66666667,74.47916667,3.6,1,3.6,7.3,7.3,63.5,13,1.6,10.9,1.5625,20.8,70.3,5,10.9,15,82.3,4.2,0.5,7.92,13.3,473,0.54,1.18,24.82,49.18,0.285,0.24,0.09,0.57,64.88,0.38,2.225339367,3.296703297,8,128,0.898683734,2.146666667,11,10,9.666666667,5
FRY (MI),Mining Influenced 1,1155,FRY4,Fall,2.471518068,29,3,18,24.48979592,75.51020408,5.1,2,4.6,10.2,10.2,60.2,19.4,0.5,8.7,0.510204082,20.4,68.9,8,12.8,21,86.7,3.6,0.5,7.92,13.7,490,0.28,1.37,25.12,50.4,0.285,0.24,0.08,0.075,65.37,0.38,2.216358839,2.941176471,11,128,0.904075356,2.716666667,9,10,10,4.25
FRY (MI),Mining Influenced 1,790,FRY5,Fall,2.306184193,30,4,21,33.03571429,88.39285714,2.2,4,2.2,11.2,11.2,75,30.8,1.8,4,1.785714286,17.9,60.3,9,18.8,23,87.9,8,0,7.91,13.9,509,0.29,1.16,25.85,53.1,0.285,0.26,0.05,0.075,64.4,0.39,2.218972002,1.041666667,8,128,0.903428819,1.853333333,7.333333333,10,9,5
FRY (MI),Mining Influenced 1,340,FRY6,Fall,2.456839373,23,0,14,30.5,77,0,0,0,15.5,15.5,61.5,30.5,1.5,6,3.5,20,67.5,6,13.5,17,78.5,12.5,0,7.95,14.2,528,0.3,1.21,20.75,58.04,0.285,0.31,0.03,0.2,62.43,0.36,2.152020764,5.208333333,5.6,128,0.914713542,3.25,11.33333333,10,10,6
FRY (MI),Mining Influenced 1,0,FRY7,Fall,2.192395559,27,3,17,26.02739726,83.10502283,3.2,2,2.7,13.2,13.2,66.7,22.8,1.4,3.2,2.283105023,18.3,61.6,6,11,19,83.6,9.6,0.5,7.93,14.9,272,0.4,1.15,22.25,25.34,0.285,0.06,0.05,0.075,62.23,0.07,2.847191011,3.80952381,8,128,0.913560091,1.85,9.666666667,10,10,5
LLW (MI),Mining Influenced 2,1950,LLW1,Fall,2.706368135,24,0,12,25.92592593,53.7037037,0,0,0,20.4,20.4,33.3,25.9,6.9,12,6.944444444,18.5,62.5,6,8.8,17,87,3.7,0,8.35,12.8,1242,0.23,1.19,12.34,146.11,0.285,1.11,0.01,3.39,80.93,1.78,1.394711722,4.587155963,11,128,0.900765929,2.233333333,16.66666667,6,7.666666667,4
LLW (MI),Mining Influenced 2,1400,LLW2,Fall,2.612150524,28,2,13,24.37810945,61.69154229,2,1,1,19.9,19.9,39.8,22.4,7,12.9,9.452736318,19.9,67.2,6,7,16,82.6,1.5,1,8.07,13.4,1259,0.24,1.16,12.88,151.92,0.285,1.18,0.04,5.26,75.62,1.73,1.394145178,7.142857143,9.56,128,0.895251978,2.033333333,15.66666667,10,6.666666667,2.75
LLW (MI),Mining Influenced 2,1140,LLW3,Fall,2.394487241,27,2,12,17.88990826,65.59633028,2.3,0,0,14.2,14.2,49.1,15.6,5.5,12.4,6.422018349,18.3,61.9,7,4.6,18,88.1,1.8,0.9,8.14,13.6,1307,0.21,1.19,12.8,161.18,0.285,1.47,0.03,5.04,67.55,1.8,1.396828148,8.910891089,11,128,0.897363004,2.266666667,15,10,7.666666667,11.25
LLW (MI),Mining Influenced 2,640,LLW4,Fall,2.431872498,22,1,9,31.73913043,61.73913043,20.9,0,0,5.2,5.2,35.7,10.9,5.7,9.6,6.52173913,17.4,58.7,5,5.2,14,69.1,0.9,20.9,7.97,14.5,1323,0.29,1.1,12.92,162.05,0.285,1.88,0.001,4.34,61.8,1.76,1.391703882,4.385964912,11,180,0.907663897,1.566666667,13,10,7.333333333,5.5
LLW (MI),Mining Influenced 2,390,LLW5,Fall,1.958054932,17,0,8,7.5,54.5,0,0,0,5,5,49.5,7.5,9,26,10.5,20,67.5,3,4,9,73,1.5,3,8.03,15,1501,0.18,1.34,12.92,180.37,0.285,1.18,0.01,2.81,61.92,2.71,1.219705166,4.807692308,8,116.6,0.909763314,1.8,13.66666667,10,10,6.5
LLW (MI),Mining Influenced 2,0,LLW6,Fall,1.747967212,20,1,10,7.042253521,39.90610329,0.5,1,0.5,2.3,2.3,37.1,6.6,9.4,55.9,12.20657277,18.8,63.4,3,5.6,12,42.3,0.9,0.9,7.97,15.6,1880,0.17,1.42,13.89,234.85,0.285,2.22,0.01,2.25,37.05,4.42,1.191889972,0,11,174.8,0.899653979,1.333333333,11.33333333,10,10,16
ROL (MI),Mining Influenced 3,1295,ROL1,Fall,1.991655968,20,3,10,18.18181818,65.65656566,3,3,3,13.6,13.6,49,15.2,6.1,19.2,7.070707071,20.2,68.2,7,2.5,13,76.8,2.5,0.5,6.65,11.9,501,0.14,1.2,21.66,50,0.285,0.36,0.03,0.075,49.62,0.25,2.249212776,2.631578947,11,128,0.889542936,2.533333333,17,10,10,11.5
ROL (MI),Mining Influenced 3,1155,ROL2,Fall,2.269844291,20,1,11,16.74641148,62.20095694,1.9,1,1.9,7.7,7.7,52.6,14.8,1.9,10,10.04784689,19.1,64.6,5,4.3,13,79.4,3.3,0,7.74,12.8,633,0.18,0.02,17.57,66.2,0.285,1.68,0.02,0.075,50.44,0.37,2.002419843,2.298850575,8,128,0.912934337,3.266666667,16.33333333,10,10,3
ROL (MI),Mining Influenced 3,955,ROL3,Fall,2.66395825,27,3,15,17.27272727,45.90909091,1.8,3,1.8,10.9,10.9,33.2,15.5,3.2,18.2,11.81818182,18.2,61.4,8,9.5,18,65.9,3.2,0.5,7.83,13.5,804,0.15,1.6,17.73,86.66,0.285,0.66,0.01,0.075,54.39,0.49,1.937402191,1.19047619,11,128,0.895408163,1.716666667,16.66666667,10,10,3.5
ROL (MI),Mining Influenced 3,560,ROL4,Fall,2.395631491,25,1,13,21.9047619,53.80952381,0.5,1,0.5,13.8,13.8,39.5,21.4,12.4,24.3,24.76190476,19,64.3,5,11,14,56.7,4.8,1.4,7.84,13.3,886,0.23,1.44,19.87,106.1,0.285,0.81,0.07,0.075,57.6,0.69,1.902797704,4.545454545,8,128,0.903409091,1.5,15,10,10,6.5
ROL (MI),Mining Influenced 3,250,ROL5,Fall,2.225415566,22,0,12,21.21212121,59.09090909,0,0,0,10.1,10.1,49,21.2,9.1,18.7,23.73737374,20.2,68.2,3,7.6,14,61.6,5.1,0,7.93,14.1,1029,0.21,1.28,20.72,118.26,0.285,0.9,0.05,0.075,53.34,0.67,1.89762516,5.952380952,8,128,0.905612245,0.693333333,12.33333333,10,10,6.33
ROL (MI),Mining Influenced 3,0,ROL6,Fall,2.195912313,19,0,10,30.41237113,67.5257732,0,0,0,18.6,18.6,49,30.4,14.9,26.3,15.46391753,20.6,69.6,4,4.6,10,60.8,12.4,0,7.96,13.7,1298,0.35,1.49,10.2,160.71,23.46,1.33,0.13,0.075,52.8,1.39,1.703158118,6.153846154,8,180,0.911242604,0.866666667,10,10,10,10.25
SPC (MI),Mining Influenced 4,2556,SPC1,Fall,2.531279107,26,5,18,39.51219512,83.90243902,8.8,4,8.3,21,21,54.1,30.7,3.9,5.4,4.390243902,19.5,65.9,8,10.7,19,91.2,1,1.5,8.57,12.5,501,0.12,1.25,62.21,41.53,7.05,0.52,0.32,1.41,70.6,0.23,2.75397878,8.602150538,8,180,0.893976182,2.333333333,10.66666667,9,9,3.5
SPC (MI),Mining Influenced 4,2167,SPC2,Fall,2.942515995,31,5,19,44.74885845,70.77625571,17.4,4,15.1,9.1,9.1,44.3,27.4,6.8,11.4,7.305936073,18.3,61.6,8,14.2,22,83.1,5,2.3,8.09,12.6,516,0.11,1.28,61.65,46.63,21.64,0.55,0.41,2.63,76.29,0.28,2.777248362,7.692307692,5.6,128,0.896510083,3.95,11,8.666666667,10,3
SPC (MI),Mining Influenced 4,1793,SPC3,Fall,2.795458202,31,6,20,38.88888889,74.74747475,12.1,4,9.6,10.6,10.6,52,26.8,1.5,12.6,2.525252525,20.2,68.2,8,17.2,21,80.8,4,2.5,8.06,12.9,535,0.11,1.33,41.07,57.81,10.21,0.76,0.15,0.99,63.95,0.3,2.692594318,4.807692308,6.752,128,0.905695266,3.683333333,13.66666667,10,9.666666667,1.25
SPC (MI),Mining Influenced 4,1294,SPC4,Fall,2.697437358,32,5,19,37.71929825,78.07017544,16.2,4,13.2,12.3,12.3,49.6,21.5,6.1,7.5,7.456140351,17.5,59.2,10,6.6,21,85.1,3.5,3.1,7.61,14.2,579,0.08,1.35,41.85,60.66,18.04,1.25,0.16,0.41,63.54,0.35,2.567075751,8.695652174,8,180,0.896786389,2.633333333,12.66666667,9.666666667,9.666666667,1.75
SPC (MI),Mining Influenced 4,925,SPC5,Fall,2.976408369,32,5,22,50.24154589,79.22705314,19.8,3,9.2,13,13,46.4,30.4,6.3,10.1,6.280193237,19.3,65.2,6,13.5,22,76.3,2.4,11.1,7.9,15.4,610,0.12,1.33,40.29,66.1,13.3,1.33,0.03,0.85,61.49,0.39,2.440915805,4.06504065,9.56,180,0.89999339,2.1,16.66666667,10,10,2.25
SPC (MI),Mining Influenced 4,150,SPC7,Fall,2.858426935,32,5,18,36.58536585,72.19512195,8.8,3,7.3,11.2,11.2,52.2,27.8,5.4,9.8,5.853658537,19.5,65.9,7,13.2,23,86.3,1.5,1.5,7.95,16,709,0.16,1.47,59.03,71.33,0.285,0.93,0.1,1.25,70.93,0.59,2.432810368,7.619047619,5.6,180,0.917913832,1.65,10.33333333,9.666666667,9,2.25
SPC (MI),Mining Influenced 4,0,SPC8,Fall,2.828832265,34,6,21,43.38624339,72.48677249,7.4,4,6.3,27.5,27.5,37.6,36,5.8,13.2,7.407407407,21.2,71.4,9,8.5,22,82,3.2,2.1,7.81,15.5,756,0.16,1.5,65.7,75.08,14.8,1.46,0.12,1.25,70.31,0.61,2.366960908,7.03125,11,64,0.868408203,2,12.33333333,10,9,0.5
CRO (R),Reference 1,2050,CRO1,Spring,3.014653261,38,12,24,52.85714286,60,35.7,8,32.4,13.3,10.5,11,17.1,17.1,25.7,20,19,64.3,11,20,21,58.1,3.8,9,7.57,8.6,51,0.08,1.14,1.95,3.77,0.285,0.18,0.001,0.075,18.97,0.02,1.923469388,9.708737864,4.512,180,0.903949477,1.2,8,10,9,2.75
CRO (R),Reference 1,1900,CRO2,Spring,3.028611234,39,8,23,46.56862745,53.92156863,26.5,7,24.5,14.7,12.7,12.7,20.1,25.5,33.8,29.41176471,19.6,66.2,9,17.2,24,53.4,3.4,5.4,7.65,8.8,54,0.08,1.12,1.91,3.76,0.285,0.16,0.001,0.075,19.05,0.02,1.968586387,8.849557522,8,180,0.904534419,1.266666667,8.333333333,10,10,3.5
CRO (R),Reference 1,1530,CRO3,Spring,3.022319818,36,9,23,47.42268041,51.03092784,20.6,7,18,19.6,16,10.8,26.8,21.6,36.6,22.16494845,20.6,69.6,11,24.2,24,54.6,6.2,4.1,7.51,8.9,55,0.09,1.1,1.92,3.82,0.285,0.17,0.001,0.075,19.67,0.01,1.979274611,19.41747573,2,180,0.885851635,1.65,12.33333333,10,10,3
CRO (R),Reference 1,1160,CRO4,Spring,3.246097958,39,9,24,62.55924171,68.72037915,30.3,7,26.1,21.8,15.6,16.6,32.2,11.8,21.8,12.32227488,19,64,10,18.5,25,61.1,7.6,12.3,7.54,9.8,55,0.09,1.01,1.96,3.95,2.84,0.16,0.001,0.075,18.58,0.01,2.025641026,13.04347826,4.896,128,0.908553875,0.883333333,18.33333333,10,10,2.5
CRO (R),Reference 1,775,CRO5,Spring,3.077490858,42,12,23,58.41121495,58.41121495,35.5,10,31.8,14,9.8,8.9,22.9,20.1,30.8,21.96261682,18.7,63.1,12,17.8,24,41.6,5.6,22,7.26,10.2,53,0.07,1.18,1.84,4.85,23.59,0.21,0.001,0.075,21.85,0.01,2.287735849,10.86956522,5.6,90,0.900283554,1.316666667,13.33333333,10,10,0.83
CRO (R),Reference 1,340,CRO6,Spring,2.852441144,37,9,19,57.20720721,57.20720721,28.4,7,24.8,23.4,16.7,5.4,28.8,24.8,35.1,26.57657658,18,60.8,6,14.4,17,38.7,9.5,14.9,7.15,10.4,50,0.11,1.21,1.88,3.4,41.04,0.26,0.001,0.075,18.06,0.01,1.965317919,14.61538462,4,32,0.882011834,0.766666667,5.666666667,10,10,1
CRO (R),Reference 1,0,CRO7,Spring,2.991073681,33,10,21,74.56896552,75.43103448,35.8,7,24.6,34.1,29.7,5.6,38.8,15.1,18.5,15.94827586,17.2,58.2,9,10.8,19,56,5.2,20.7,7.09,9.8,43,0.23,0.79,1.59,2.51,6.78,0.13,0.001,0.075,14.4,0.01,1.731034483,12.08791209,2.8,90,0.913174737,1.083333333,8,10,10,2.5
EAS (R),Reference 2,2500,EAS1,Spring,2.606041172,27,8,17,57.5,64.5,25.5,6,24,30,21,9,32,23,26,25.5,20,67.5,8,5.5,18,60.5,9,2,8.02,9.2,21,0.13,0.43,0.48,2.14,0.285,0.1,0.001,0.075,9.85,0.01,4.652173913,0,16,180,0.872164461,2.166666667,14.33333333,9.333333333,8,5
EAS (R),Reference 2,2140,EAS2,Spring,2.850654911,31,8,22,63.97849462,70.43010753,40.9,7,39.8,20.4,18.3,9.1,23.1,14,17.2,15.05376344,21.5,72.6,10,9.7,22,75.8,3.2,4.3,7.5,9.3,22,0.17,0.42,0.48,2.48,0.285,0.07,0.001,0.075,9.55,0.02,5.276595745,6.097560976,16,180,0.885187388,1.276666667,14.33333333,10,10,5.5
EAS (R),Reference 2,1890,EAS3,Spring,2.829962938,28,9,19,56.33802817,62.44131455,41.8,7,39,12.7,10.8,8,14.6,17.8,21.1,18.30985915,18.8,63.4,8,8.9,17,70,2.3,8,7.42,9.5,18,0.17,0.51,0.48,1.78,0.285,0.07,0.001,0.075,8.86,0.01,4.045454545,4.545454545,11,180,0.885674931,2.66,15.33333333,10,10,5.25
EAS (R),Reference 2,1565,EAS4,Spring,2.974668384,32,10,25,68.2464455,72.98578199,40.3,8,35.1,24.6,20.9,8.1,28,16.6,17.5,17.53554502,19,64,9,6.6,24,68.7,4.3,9.5,7.14,9.6,17,0.2,0.51,0.47,1.53,0.285,0.09,0.001,0.075,8.86,0.01,3.731707317,4.504504505,11,128,0.895544193,1.366666667,15.33333333,10,10,8
EAS (R),Reference 2,1240,EAS5,Spring,2.800307043,27,8,21,64.11483254,72.72727273,37.3,6,30.6,24.9,20.6,10.5,26.8,18.7,21.1,19.13875598,19.1,64.6,6,6.2,18,61.7,4.3,12.4,7.01,9.8,16,0.19,0.55,0.48,1.4,0.285,0.11,0.001,0.075,8.84,5.00E-04,3.58974359,9.411764706,8,180,0.891349481,1.126666667,16.66666667,10,10,9.5
EAS (R),Reference 2,1000,EAS6,Spring,2.969439881,33,9,23,60.09852217,67.98029557,35,7,29.1,23.2,21.7,9.9,25.1,17.7,19.7,18.22660099,19.7,66.5,10,4.9,22,64,2.5,12.8,7.02,9.8,15,0.2,0.66,0.48,1.33,0.285,0.12,0.001,0.075,8.63,5.00E-04,3.5,9.85915493,11,180,0.88831581,1.6,16,10,10,12.83
EAS (R),Reference 2,715,EAS7,Spring,3.00914166,32,7,21,61.53846154,70.19230769,15.9,4,10.6,41.8,37.5,12.5,45.7,11.1,13.9,12.98076923,19.2,64.9,8,9.6,20,70.7,4.8,8.2,6.57,10,14,0.25,0.51,0.46,1.14,0.285,0.11,0.001,0.075,8.15,5.00E-04,3,13.92405063,5.6,128,0.903060407,1.49,14.33333333,10,10,14.5
EAS (R),Reference 2,385,EAS8,Spring,2.924784187,30,7,18,59.70149254,70.64676617,19.9,5,12.9,39.3,35.8,11.4,39.8,12.9,17.9,14.4278607,19.9,67.2,9,6,17,67.7,5.5,7,6.45,10.3,14,0.32,0.64,0.52,0.99,0.285,0.14,0.001,0.075,8.44,5.00E-04,2.475,15.78947368,2.848,180,0.882437673,1.533333333,8,10,10,14
EAS (R),Reference 2,0,EAS9,Spring,2.457055421,27,7,18,72.54901961,72.54901961,6.9,6,5.4,63.7,52.5,2,65.7,18.6,21.1,20.09803922,19.6,66.2,7,6.9,16,62.3,11.8,2.9,6.2,9.3,14,0.41,0.54,0.49,0.95,0.285,0.15,0.001,0.075,9.34,5.00E-04,2.375,24,2,180,0.8624,0,0.333333333,10,10,27
FRY (MI),Mining Influenced 1,2785,FRY1,Spring,2.327105447,25,7,17,78.82882883,81.98198198,45,5,9,28.4,12.2,8.6,33.8,9.5,11.7,9.90990991,18,60.8,8,10.8,19,36,18,35.6,7.96,10,343,0.13,0.96,14.57,31.44,0.285,0.28,0.001,0.075,38.17,0.1,2.342771982,8.620689655,5.6,128,0.914090369,3.13,10,10,9.666666667,2.5
FRY (MI),Mining Influenced 1,2465,FRY2,Spring,2.495397984,27,9,19,77.72277228,80.1980198,40.6,7,11.4,28.7,16.8,10.9,37.1,13.4,14.4,13.86138614,19.8,66.8,8,10.4,19,42.6,12.9,30.2,7.87,10.2,346,0.15,1.25,13.91,31.12,0.285,0.31,0.001,0.075,37.18,0.11,2.336336336,5.154639175,11,180,0.899139122,2.15,11.66666667,10,9.333333333,4.5
FRY (MI),Mining Influenced 1,2170,FRY3,Spring,2.396437835,26,5,19,79.22705314,83.57487923,40.6,4,9.2,27.5,10.1,15.5,38.6,11.6,14.5,11.5942029,19.3,65.2,4,11.1,20,36.7,19.3,31.4,7.99,10.7,326,0.12,0.94,12.36,29.96,0.285,0.27,0.001,0.075,34.72,0.09,2.383452665,3.296703297,8,128,0.898683734,2.146666667,11,10,9.666666667,5
FRY (MI),Mining Influenced 1,1845,FRY4,Spring,2.154000345,21,4,14,82.02764977,87.09677419,37.3,3,5.1,40.6,25.3,9.2,44.7,7.8,8.8,7.834101382,18.4,62.2,4,5.1,14,41.9,17.1,32.3,8.04,11.5,325,0.11,1.16,11.9,30.07,0.285,0.28,0.001,0.075,33.16,0.09,2.360282575,2.941176471,11,128,0.904075356,2.716666667,9,10,10,4.25
FRY (MI),Mining Influenced 1,1480,FRY5,Spring,2.185945735,23,6,17,79.89949749,81.40703518,41.7,5,10.1,36.2,25.6,3.5,38.2,15.1,18.1,15.07537688,20.1,67.8,4,7.5,15,37.2,14.1,32.7,8.03,12.9,312,0.12,0.94,10.91,28.52,0.285,0.24,0.001,0.075,30.91,0.09,2.326264274,1.041666667,8,128,0.903428819,1.853333333,7.333333333,10,9,5
FRY (MI),Mining Influenced 1,1030,FRY6,Spring,2.413881341,24,5,16,79.42583732,82.29665072,34.9,4,14.8,39.7,30.1,7.7,44.5,11,13.9,11.48325359,19.1,64.6,6,5.3,17,55.5,11,20.1,8.26,13.7,309,0.15,0.9,8.91,29.01,0.285,0.25,0.001,0.075,29.91,0.07,2.284251969,5.208333333,5.6,128,0.914713542,3.25,11.33333333,10,10,6
FRY (MI),Mining Influenced 1,690,FRY7,Spring,2.207920858,24,5,16,79.16666667,81.94444444,60.6,4,22.7,14.4,12.5,6.9,18.5,12,13.9,12.5,18.5,62.5,6,10.6,18,45.8,3.2,38,8.05,13,128,0.16,0.96,8.29,9.74,0.285,0.23,0.001,0.075,25.5,0.01,2.759206799,3.80952381,8,128,0.913560091,1.85,9.666666667,10,10,5
FRY (MI),Mining Influenced 1,360,FRY8,Spring,2.655316167,24,6,16,66.32124352,70.98445596,41.5,5,26.4,19.7,12.4,9.8,24.9,16.6,23.3,18.13471503,20.7,69.9,6,11.9,17,54.4,11.4,15.5,7.89,13,120,0.18,0.9,7.69,9.01,0.285,0.11,0.001,0.075,25.2,0.01,2.689552239,2.97029703,8,128,0.911283208,1.48,9.333333333,10,10,5.5
FRY (MI),Mining Influenced 1,0,FRY9,Spring,2.802156774,30,8,19,50.73891626,51.23152709,31.5,6,27.1,17.7,15.8,2,19.2,23.2,34,24.13793103,19.7,66.5,8,12.8,18,55.2,5.4,11.8,7.61,12.3,61,0.24,0.76,3.91,3.76,0.285,0.12,0.001,0.075,18.45,5.00E-04,2.054644809,12.34567901,5.6,180,0.900167657,1.783333333,5.333333333,10,9.333333333,10
LLW (MI),Mining Influenced 2,1950,LLW1,Spring,2.448038067,24,3,11,52.35849057,56.60377358,6.1,1,0.5,42.9,28.3,7.5,46.2,25,32.5,25.94339623,18.9,63.7,5,9,16,49.1,17.9,5.7,8.47,9.2,907,0.23,1.92,7.42,92.83,0.285,1.08,0.001,2.95,42.05,0.72,1.583049113,4.587155963,11,128,0.900765929,2.233333333,16.66666667,6,7.666666667,4
LLW (MI),Mining Influenced 2,1400,LLW2,Spring,2.340523184,26,4,16,45.37815126,50,7.6,2,1.3,34.9,18.9,7.6,37.8,33.6,40.3,34.45378151,16.8,56.7,7,9.7,19,39.9,18.9,6.3,8.49,10.9,927,0.22,1.41,7.65,97.77,0.285,1.24,0.001,3.09,41.61,0.68,1.619513003,7.142857143,9.56,128,0.895251978,2.033333333,15.66666667,10,6.666666667,2.75
LLW (MI),Mining Influenced 2,1140,LLW3,Spring,1.773519108,18,4,11,50.22222222,53.77777778,5.3,2,0.9,44.9,31.1,3.6,44.9,39.6,43.6,39.55555556,17.8,60,3,3.1,12,40,15.6,4.9,8.42,12.3,1062,0.19,1.8,8.33,114.14,0.285,1.57,0.001,4.12,38.65,0.76,1.627084818,8.910891089,11,128,0.897363004,2.266666667,15,10,7.666666667,11.25
LLW (MI),Mining Influenced 2,640,LLW4,Spring,1.916530053,17,2,9,59,63.5,3,0,0,53.5,34,7,56,27,32,28,20,67.5,2,5,10,48,20.5,3,8.37,11.9,1105,0.16,1.85,8.59,119.48,0.285,1.85,0.001,4.34,37.82,0.83,1.653244777,4.385964912,11,180,0.907663897,1.566666667,13,10,7.333333333,5.5
LLW (MI),Mining Influenced 2,390,LLW5,Spring,1.840348728,18,2,9,59.31372549,63.23529412,1,0,0,57.8,18.1,4.4,58.3,27.9,34.3,28.43137255,19.6,66.2,2,3.9,10,27.9,42.2,1,8.39,10.3,1362,0.21,1.25,8.44,148.29,0.285,1.27,0.001,1.75,40.14,1.7,1.478464606,4.807692308,8,116.6,0.909763314,1.8,13.66666667,10,10,6.5
LLW (MI),Mining Influenced 2,0,LLW6,Spring,1.424693012,15,2,8,40,41.11111111,1.7,1,0.6,37.8,5,1.7,38.3,50,55.6,52.77777778,22.2,75,1,3.9,7,10,33.9,2.8,8.39,11.2,1687,0.3,1.14,9.12,194.43,0.285,1.86,0.001,2.35,32.54,2.46,1.465184627,0,11,174.8,0.899653979,1.333333333,11.33333333,10,10,16
ROL (MI),Mining Influenced 3,1500,ROL1,Spring,2.026924684,22,5,14,77,84,4.5,3,3,71,48,8.5,72.5,3.5,4.5,8.5,20,67.5,5,4.5,13,63.5,23,4,9.28,9.1,516,0.1,0.91,17.12,52.09,0.285,0.55,0.001,0.59,41.8,0.19,2.205334462,2.631578947,11,128,0.889542936,2.533333333,17,10,10,11.5
ROL (MI),Mining Influenced 3,1360,ROL2,Spring,1.850286458,24,6,16,83.85416667,88.54166667,5.2,4,2.6,76.6,53.1,6.8,78.6,0,2.1,3.645833333,20.8,70.3,7,4.7,16,68.2,24.5,2.6,8.04,10.4,620,0.1,0.91,15.14,65.2,0.285,0.64,0.001,0.075,41.83,0.24,2.045811108,2.298850575,8,128,0.912934337,3.266666667,16.33333333,10,10,3
ROL (MI),Mining Influenced 3,1160,ROL3,Spring,1.931142547,20,0,10,80,80.55555556,0,0,0,76.1,50,4.4,80,3.9,7.2,11.11111111,22.2,75,3,9.4,12,58.3,28.9,0,7.83,11.2,665,0.13,1.1,15.29,72.1,0.285,0.73,0.001,0.075,42.52,0.28,2.043650794,1.19047619,11,128,0.895408163,1.716666667,16.66666667,10,10,3.5
ROL (MI),Mining Influenced 3,765,ROL4,Spring,2.054415969,19,2,10,59.79381443,62.37113402,2.6,1,1.5,55.7,33.5,4.1,57.2,25.3,27.3,34.02061856,20.6,69.6,4,5.2,9,38.7,22.7,2.6,7.88,12.4,819,0.09,1.23,14.93,92.65,0.285,0.98,0.001,0.075,45.14,0.35,2.01019744,4.545454545,8,128,0.903409091,1.5,15,10,10,6.5
ROL (MI),Mining Influenced 3,455,ROL5,Spring,1.629069148,12,0,6,62.69430052,66.32124352,0,0,0,62.7,47.7,3.6,62.7,19.7,21.2,30.56994819,20.7,69.9,2,1.6,6,52.8,15.5,0,8.06,14.2,954,0.11,1.21,15.21,112.77,0.285,1.08,0.001,0.6,42.06,0.44,1.980158033,5.952380952,8,128,0.905612245,0.693333333,12.33333333,10,10,6.33
ROL (MI),Mining Influenced 3,205,ROL6,Spring,1.45465823,13,0,8,76.54867257,78.31858407,0,0,0,76.1,55.3,2.2,76.5,19.5,20.8,19.46902655,17.7,59.7,2,4,8,58,21.7,0,7.95,13.8,1244,0.3,1.51,8.95,156.28,0.285,1.63,0.001,1.78,41.94,0.91,1.885162847,6.153846154,8,180,0.911242604,0.866666667,10,10,10,10.25
ROL (MI),Mining Influenced 3,0,ROL7,Spring,1.367961543,10,0,9,81.01851852,81.94444444,0,0,0,79.2,55.1,2.8,81,18.1,18.1,18.05555556,18.5,62.5,1,3.2,8,57.9,24.1,0,7.93,10.5,1505,0.53,1.35,10.79,207.96,0.285,2.43,0.001,2.56,28.25,1.42,1.968013627,9.333333333,4,90,0.906311111,0.866666667,9.666666667,10,10,14.5
SPC (MI),Mining Influenced 4,2556,SPC1,Spring,2.295106649,22,6,16,62.11453744,66.96035242,18.9,4,11,37.9,17.6,10.1,43.2,27.3,29.1,29.95594714,17.6,59.5,3,6.2,14,40.5,21.1,7.9,8.27,6.6,379,0.03,1.02,30.83,31.51,0.285,1.07,0.001,0.075,43.63,0.09,2.783568905,8.602150538,8,180,0.893976182,2.333333333,10.66666667,9,9,3.5
SPC (MI),Mining Influenced 4,2167,SPC2,Spring,2.154430623,21,7,15,49.53703704,51.38888889,16.7,4,6.9,31.5,18.1,3.2,32.9,30.1,31,46.2962963,18.5,62.5,4,4.2,15,32.9,13.9,6.9,8.42,7.5,396,0.03,1.02,31.02,32.69,0.285,1.28,0.001,0.075,41.51,0.11,2.784497445,7.692307692,5.6,128,0.896510083,3.95,11,8.666666667,10,3
SPC (MI),Mining Influenced 4,1793,SPC3,Spring,2.38333021,24,6,18,76.19047619,77.61904762,23.8,4,10.5,47.6,32.4,6.2,52.4,17.6,19,18.0952381,19,64.3,4,8.6,18,52.9,15.2,13.3,8.37,7.6,399,0.07,0.99,23.54,37,15.77,1.91,0.001,0.075,35.97,0.12,2.712609971,4.807692308,6.752,128,0.905695266,3.683333333,13.66666667,10,9.666666667,1.25
SPC (MI),Mining Influenced 4,1294,SPC4,Spring,2.613986959,25,9,18,72.86432161,73.36683417,29.1,6,12.6,40.2,24.1,4,43.7,14.1,14.1,19.59798995,20.1,67.8,6,6,16,45.7,16.6,17.1,8.24,11.7,433,0.09,1.05,24.77,40.25,12.71,2.54,0.001,0.075,37.63,0.13,2.662037037,8.695652174,8,180,0.896786389,2.633333333,12.66666667,9.666666667,9.666666667,1.75
SPC (MI),Mining Influenced 4,925,SPC5,Spring,2.686599172,29,6,23,81.42857143,83.80952381,25.7,4,13.3,49,31.4,9,55.7,8.6,12.9,9.047619048,19,64.3,3,9,20,56.7,20.5,12.4,8.08,12.3,444,0.11,1.1,24.62,42.57,36.4,3.22,0.001,0.075,37.82,0.15,2.60207824,4.06504065,9.56,180,0.89999339,2.1,16.66666667,10,10,2.25
SPC (MI),Mining Influenced 4,525,SPC6,Spring,2.732107319,31,8,22,83.88625592,85.78199052,25.1,6,19.4,49.8,30.8,10.9,58.8,2.4,4.7,2.369668246,19,64,8,14.2,22,69.7,20.9,6.2,8.08,12.3,440,0.13,0.89,25.74,41.85,14.93,4.79,0.001,0.075,35.29,0.15,2.495527728,4.761904762,11,180,0.893968254,1.716666667,11.66666667,10,9,4.25
SPC (MI),Mining Influenced 4,150,SPC7,Spring,3.065922139,39,10,26,64.03940887,70.93596059,23.6,9,18.2,33.5,28.1,13.8,40.4,8.9,14.3,9.852216749,19.7,66.5,11,15.3,26,70.9,8.9,6.9,7.96,11,403,0.16,0.98,25.95,36.38,41.43,1.03,0.001,0.075,36.56,0.16,2.617266187,7.619047619,5.6,180,0.917913832,1.65,10.33333333,9.666666667,9,2.25
SPC (MI),Mining Influenced 4,0,SPC8,Spring,2.611881503,30,8,23,82.14285714,84.18367347,33.2,6,29.6,46.4,37.8,4.6,49,3.6,4.6,3.571428571,20.4,68.9,6,11.7,20,80.6,9.7,5.1,7.74,10.5,427,0.18,0.95,29.97,39.1,26.37,1.23,0.001,0.075,36.96,0.17,2.545572917,7.03125,11,64,0.868408203,2,12.33333333,10,9,0.5