Stream,Stream_Type,dist.d,Site,Season,totind,Hshannon,Hsimpson,rich,J,rich.E,rich.P,rich.T,rich.C,rich.D,rich.less.E,rich.EPT,rich.T.less.H,pT.less.H,rich.EPT.less.H,pEPT.less.H,pEPT,pEPT.less.Cheum,pEPT.less.HBL,rich.PT,pE,rich.E.less.B,pE.less.B,pP,pP.less.Leuc,pP.less.Amph,pP.less.Allo,pP.less.LAA,pT,pPT.H,pChi,pD,pOligo,pChiO,p1dom,p2dom,p5dom,rich.SH,rich.CG,rich.SC,rich.SC.less.E,rich.CF,rich.PR,pSH,pCG,pSC,pSC.less.E,pCF,pPR,rich.Cling,pCling,rich.Burrow,pBurrow,rich.Sprawl,pSprawl,rich.Swimm,pSwimm,rich.INT,rich.TOL,pTOL
CRO,Reference 1,2050,CRO1,Fall,205,2.681335137,0.897703748,30,0.788350347,5,5,8,5,5,25,18,5,3.414634146,15,40,62.43902439,60.97560976,39.51219512,13,18,5,18,18.5,18,18.5,18.5,18,25.9,22,7.8,16.6,1.5,9.268292683,19.5,33.7,65.9,3,5,7,4,5,10,15.1,25.4,19,14.6,23.9,16.6,20,50.7,6,19.5,2,15.1,2,14.6,14,0,0
CRO,Reference 1,1900,CRO2,Fall,207,2.913376642,0.922401923,32,0.840622807,6,5,7,6,6,26,18,4,3.8647343,15,36.71497585,53.62318841,51.20772947,35.74879227,12,17.4,5,16.4,15.5,15.5,15.5,15.5,15.5,20.8,19.3,15.9,26.6,0,15.94202899,19.3,33.3,65.2,5,4,8,5,5,10,15,27.1,22.2,15.9,19.3,16.4,20,49.3,7,28.5,2,8.2,3,14,16,0,0
CRO,Reference 1,1530,CRO3,Fall,206,3.092664537,0.934348195,37,0.856476002,6,7,9,5,8,31,22,5,5.339805825,18,35.9223301,48.05825243,44.66019417,35.4368932,16,15.5,5,15,15,15,15,14.6,14.6,17.5,20.4,17,27.2,1.9,18.93203883,19.4,33.5,65.5,7,6,8,5,6,10,16.5,27.7,28.6,20.4,13.6,13.6,21,47.6,8,29.6,4,10.2,4,12.6,19,0,0
CRO,Reference 1,1160,CRO4,Fall,202,3.021198109,0.932653661,34,0.856746804,6,7,8,5,6,28,21,5,6.435643564,18,44.55445545,53.96039604,52.47524752,42.57425743,15,20.8,5,19.8,17.3,16.3,17.3,16.3,15.3,15.8,23.8,11.9,32.2,0.5,12.37623762,19.8,34.2,66.8,7,7,6,3,5,8,30.2,24.8,23.8,9.4,12.9,7.4,21,38.6,7,29.2,1,11.9,4,19.3,16,0,0
CRO,Reference 1,775,CRO5,Fall,194,2.767906081,0.890636625,33,0.791620219,7,6,5,5,8,26,18,3,4.12371134,16,56.18556701,60.82474227,60.30927835,48.45360825,11,33.5,6,32.5,18.6,11.9,18.6,16.5,9.8,8.8,22.7,15.5,23.2,2.6,18.04123711,20.6,35.6,69.6,7,7,6,3,3,10,23.2,24.7,37.1,9.8,6.2,8.8,18,36.6,8,25.8,3,8.8,4,28.9,13,1,0.51546
CRO,Reference 1,340,CRO6,Fall,213,2.935358779,0.91582358,35,0.825617838,6,6,5,4,9,29,17,4,4.694835681,16,57.27699531,57.74647887,57.74647887,37.55868545,11,19.2,6,19.2,33.3,13.6,33.3,29.6,9.9,5.2,38,11.3,21.6,0.9,12.20657277,18.8,32.4,63.4,7,6,9,6,1,11,34.3,18.3,31,15.5,0.5,15.5,17,55.4,11,23.9,4,8.5,2,11.7,19,1,1.40845
CRO,Reference 1,0,CRO7,Fall,174,2.897292817,0.91709605,32,0.835981996,7,9,3,3,6,25,19,2,2.873563218,18,52.29885057,55.17241379,55.17241379,44.82758621,12,30.5,6,29.9,19,12.1,19,17.8,10.9,5.7,21.8,14.9,20.1,1.7,16.66666667,23,39.7,77.6,6,6,6,2,2,12,16.1,23.6,43.1,17.8,3.4,13.8,17,59.2,8,24.7,4,6.3,3,9.8,15,1,0.57471
EAS,Reference 2,2115,EAS1,Fall,198,2.872868421,0.916182022,32,0.828934605,8,8,8,2,5,24,24,5,9.090909091,21,54.04040404,82.82828283,77.27272727,49.49494949,16,33.3,6,30.3,11.6,10.1,11.6,11.6,10.1,37.9,20.7,8.1,10.6,0,8.080808081,20.2,34.8,68.2,4,7,6,3,6,9,8.1,24.2,24.2,6.6,30.8,12.6,21,63.1,4,10.1,3,6.1,4,20.7,18,0,0
EAS,Reference 2,1755,EAS2,Fall,213,2.733011544,0.896647491,30,0.80354394,7,6,7,3,5,23,20,4,14.08450704,17,42.25352113,71.36150235,71.36150235,40.37558685,13,19.7,6,18.3,8.5,8,8.5,8.5,8,43.2,22.5,10.3,13.1,0.5,10.79812207,18.8,32.4,63.4,3,7,7,4,5,8,3.8,18.3,30.5,17.8,30.5,16.9,18,70.4,7,14.1,2,3.3,3,12.2,19,1,0.46948
EAS,Reference 2,1505,EAS3,Fall,191,2.711379076,0.897343823,25,0.84233727,8,5,6,2,3,17,19,3,9.42408377,16,46.59685864,78.0104712,75.39267016,40.83769634,11,23.6,6,20.4,13.6,11,13.6,13.6,11,40.8,23,14.7,15.7,0,14.65968586,20.9,36.1,70.7,3,5,7,3,4,6,7.3,27.2,19.4,8.4,33,13.1,17,66,3,15.7,1,4.2,4,14.1,14,0,0
EAS,Reference 2,1180,EAS4,Fall,209,2.694511039,0.891508894,27,0.817549881,7,6,7,2,5,20,20,4,9.56937799,17,38.27751196,66.98564593,63.63636364,33.49282297,13,20.1,5,17.2,8.6,6.7,8.6,8.6,6.7,38.3,18.2,21.1,23.9,0,21.05263158,19.1,33,64.6,2,5,6,3,5,7,3.3,33,18.7,10.5,31.6,12.4,17,62.7,3,22.5,2,2.4,4,12,15,0,0
EAS,Reference 2,855,EAS5,Fall,186,2.69775835,0.884842178,28,0.809601674,6,7,8,3,2,22,21,5,12.3655914,18,47.31182796,81.72043011,80.10752688,45.16129032,15,29,5,27.4,5.9,5.4,5.9,5.9,5.4,46.8,18.3,6.5,7,0,6.451612903,21.5,37.1,72.6,4,4,7,4,6,7,3.2,23.7,24.2,12.4,38.7,10.2,21,78.5,2,7,2,2.2,3,12.4,17,0,0
EAS,Reference 2,615,EAS6,Fall,189,2.796566972,0.903782089,27,0.848514986,8,6,8,2,2,19,22,4,12.6984127,18,57.67195767,88.35978836,88.35978836,53.43915344,14,31.2,6,28.6,13.8,12.2,13.8,13.8,12.2,43.4,26.5,3.7,4.2,0.5,4.232804233,21.2,36.5,71.4,4,6,8,4,5,4,10.1,23.8,21.7,10.1,32.3,12.2,19,87.3,3,4.8,1,2.1,4,5.8,18,0,0
EAS,Reference 2,330,EAS7,Fall,185,2.826247548,0.902089116,29,0.839322617,7,4,9,3,5,22,20,5,13.51351351,16,45.40540541,77.83783784,75.13513514,43.24324324,13,23.2,6,21.1,8.6,8.6,8.6,8.6,8.6,45.9,22.2,7,9.2,0,7.027027027,21.6,37.3,73,3,3,10,5,6,7,4.3,18.9,28.1,16.8,35.1,13.5,21,84.3,4,9.2,2,1.1,2,5.4,16,0,0
EAS,Reference 2,0,EAS8,Fall,199,2.894726794,0.916037474,28,0.868712225,6,7,7,3,3,22,20,4,8.542713568,17,43.2160804,73.36683417,66.33165829,40.20100503,14,20.1,5,19.1,14.6,12.6,14.6,14.6,12.6,38.7,23.1,10.6,13.1,1,11.55778894,20.1,34.7,67.8,5,5,9,5,4,5,8.5,21.1,25.6,13.6,31.2,13.6,19,80.4,4,14.1,2,1.5,3,4,17,0,0
FRY,Mining Influenced 1,2095,FRY1,Fall,226,2.5073169,0.870937427,24,0.788947272,2,4,6,5,4,22,12,3,4.424778761,9,13.27433628,60.17699115,46.01769912,12.83185841,10,3.5,1,3.1,5.3,5.3,5.3,5.3,5.3,51.3,9.7,1.8,12.8,0.4,2.212389381,17.7,30.5,59.7,3,3,7,6,4,7,11.5,2.7,29.2,26.1,50,6.6,16,82.3,5,14.6,2,2.7,1,0.4,10,0,0
FRY,Mining Influenced 1,1775,FRY2,Fall,201,2.468349384,0.8119601,30,0.725729532,4,5,9,4,5,26,18,5,8.457711443,14,19.40298507,69.65174129,62.18905473,18.4079602,14,6,3,5.5,5,4.5,5,5,4.5,58.7,13.4,2,9.5,2,3.980099502,19.9,34.3,67.2,4,5,8,6,6,7,8,5.5,23.9,18.9,52.7,10,20,83.1,5,12.4,3,3.5,2,1,15,0,0
FRY,Mining Influenced 1,1480,FRY3,Fall,192,2.296025427,0.822536892,22,0.742799706,1,4,8,3,4,21,13,4,5.729166667,9,16.66666667,74.47916667,55.72916667,16.66666667,12,3.6,1,3.6,7.3,7.3,7.3,7.3,7.3,63.5,13,1.6,10.9,0,1.5625,20.8,35.9,70.3,3,2,5,4,5,7,12,2.1,16.1,12.5,58.9,10.9,15,82.3,3,13,3,4.2,1,0.5,13,0,0
FRY,Mining Influenced 1,1155,FRY4,Fall,196,2.471518068,0.827884215,29,0.733977112,3,8,7,5,5,26,18,4,9.183673469,15,24.48979592,75.51020408,64.28571429,23.46938776,15,5.1,2,4.6,10.2,9.7,10.2,9.7,9.2,60.2,19.4,0.5,8.7,0,0.510204082,20.4,35.2,68.9,6,3,8,6,5,7,12.8,2.6,19.4,14.8,52.6,12.8,21,86.7,4,9.2,3,3.6,1,0.5,16,0,0
FRY,Mining Influenced 1,790,FRY5,Fall,224,2.306184193,0.804767219,30,0.678050679,4,7,10,3,4,26,21,6,19.64285714,17,33.03571429,88.39285714,74.10714286,32.58928571,17,2.2,4,2.2,11.2,10.7,11.2,10.3,9.8,75,30.8,1.8,4,0,1.785714286,17.9,30.8,60.3,6,1,9,5,7,7,10.3,1.8,11.2,8.9,58,18.8,23,87.9,4,4,3,8,0,0,16,0,0
FRY,Mining Influenced 1,340,FRY6,Fall,200,2.456839373,0.8553,23,0.783557297,0,6,8,5,2,23,14,5,15,11,30.5,77,65,30.5,14,0,0,0,15.5,15.5,15.5,15.5,15.5,61.5,30.5,1.5,6,2,3.5,20,34.5,67.5,4,3,6,6,4,6,18,5,15,15,48.5,13.5,17,78.5,4,9,2,12.5,0,0,11,0,0
FRY,Mining Influenced 1,0,FRY7,Fall,219,2.192395559,0.767248389,27,0.665201479,3,6,8,3,3,24,17,5,9.589041096,14,26.02739726,83.10502283,73.51598174,25.57077626,14,3.2,2,2.7,13.2,13.2,13.2,13.2,13.2,66.7,22.8,1.4,3.2,0.9,2.283105023,18.3,31.5,61.6,4,3,6,4,5,8,11.9,2.7,13.7,11,58.9,11,19,83.6,4,4.6,2,9.6,1,0.5,14,0,0
LLW,Mining Influenced 2,1950,LLW1,Fall,216,2.706368135,0.908693416,24,0.851580332,0,5,7,5,6,24,12,3,5.555555556,8,25.92592593,53.7037037,49.53703704,12.5,12,0,0,0,20.4,6.9,20.4,17.1,3.7,33.3,25.9,6.9,12,0,6.944444444,18.5,31.9,62.5,4,1,6,6,6,7,18.1,6.9,32.9,32.9,33.3,8.8,17,87,3,9.3,4,3.7,0,0,9,1,1.85185
LLW,Mining Influenced 2,1400,LLW2,Fall,201,2.612150524,0.882205886,28,0.783910626,2,5,6,4,9,26,13,2,2.487562189,9,24.37810945,61.69154229,55.2238806,6.467661692,11,2,1,1,19.9,3,19.9,18.9,2,39.8,22.4,7,12.9,2.5,9.452736318,19.9,34.3,67.2,6,5,6,6,5,6,20.4,11.9,21.9,21.9,38.8,7,16,82.6,9,14.9,2,1.5,1,1,13,2,1.99005
LLW,Mining Influenced 2,1140,LLW3,Fall,218,2.394487241,0.821942597,27,0.726518738,2,5,5,5,8,25,12,1,1.376146789,8,17.88990826,65.59633028,59.63302752,4.587155963,10,2.3,0,0,14.2,3.2,14.2,13.3,2.3,49.1,15.6,5.5,12.4,0.9,6.422018349,18.3,31.7,61.9,5,3,7,6,6,6,15.1,7.3,22.5,21.1,50.5,4.6,18,88.1,5,9.2,3,1.8,1,0.9,11,1,1.83486
LLW,Mining Influenced 2,640,LLW4,Fall,230,2.431872498,0.878336484,22,0.786748333,1,3,5,4,7,21,9,2,5.652173913,6,31.73913043,61.73913043,56.95652174,6.52173913,8,20.9,0,0,5.2,0.9,5.2,4.8,0.4,35.7,10.9,5.7,9.6,0.9,6.52173913,17.4,30,58.7,4,3,5,5,5,5,7,27.4,27.8,27.8,32.6,5.2,14,69.1,5,9.1,2,0.9,1,20.9,8,1,0.43478
LLW,Mining Influenced 2,390,LLW5,Fall,200,1.958054932,0.76865,17,0.691107479,0,3,5,1,6,17,8,2,2.5,5,7.5,54.5,50.5,7.5,8,0,0,0,5,5,5,4,4,49.5,7.5,9,26,1.5,10.5,20,34.5,67.5,4,3,3,3,4,3,15,13.5,18,18,49.5,4,9,73,5,22.5,2,1.5,1,3,6,1,2.5
LLW,Mining Influenced 2,0,LLW6,Fall,213,1.747967212,0.723621856,20,0.58348579,1,3,6,2,6,19,10,3,4.225352113,7,7.042253521,39.90610329,36.15023474,7.042253521,9,0.5,1,0.5,2.3,2.3,2.3,1.9,1.9,37.1,6.6,9.4,55.9,2.8,12.20657277,18.8,32.4,63.4,3,4,3,2,6,4,44.1,13.1,1.4,0.9,35.7,5.6,12,42.3,4,55.9,2,0.9,2,0.9,8,1,1.87793
ROL,Mining Influenced 3,1295,ROL1,Fall,198,1.991655968,0.750025508,20,0.664831095,3,4,3,4,4,17,10,1,1.515151515,8,18.18181818,65.65656566,65.65656566,8.585858586,7,3,3,3,13.6,4,13.6,13.6,4,49,15.2,6.1,19.2,1,7.070707071,20.2,34.8,68.2,3,3,7,4,3,4,23.2,7.6,17.7,14.6,49,2.5,13,76.8,5,20.2,1,2.5,1,0.5,11,0,0
ROL,Mining Influenced 3,1155,ROL2,Fall,209,2.269844291,0.830750212,20,0.757692639,1,4,6,3,4,19,11,3,7.177033493,8,16.74641148,62.20095694,53.11004785,11.96172249,10,1.9,1,1.9,7.7,2.9,7.7,7.7,2.9,52.6,14.8,1.9,10,8.1,10.04784689,19.1,33,64.6,3,3,5,4,4,5,13.4,10.5,25.8,23.9,45.9,4.3,13,79.4,4,17.2,3,3.3,0,0,9,1,0.47847
ROL,Mining Influenced 3,955,ROL3,Fall,220,2.66395825,0.893429752,27,0.808279766,3,7,5,6,3,24,15,3,4.545454545,13,17.27272727,45.90909091,41.36363636,11.36363636,12,1.8,3,1.8,10.9,5,10.9,10,4.1,33.2,15.5,3.2,18.2,8.6,11.81818182,18.2,31.4,61.4,6,3,8,5,3,7,23.2,20.5,16.4,14.5,30.5,9.5,18,65.9,5,30.5,3,3.2,1,0.5,13,0,0
ROL,Mining Influenced 3,560,ROL4,Fall,210,2.395631491,0.852290249,25,0.744244768,1,7,5,2,8,24,13,3,7.619047619,11,21.9047619,53.80952381,53.80952381,17.14285714,12,0.5,1,0.5,13.8,9,13.8,13.3,8.6,39.5,21.4,12.4,24.3,12.4,24.76190476,19,32.9,64.3,4,3,5,4,3,10,16.7,26.2,13.3,12.9,32.9,11,14,56.7,6,37.1,4,4.8,1,1.4,13,0,0
ROL,Mining Influenced 3,250,ROL5,Fall,198,2.225415566,0.818794001,22,0.719956325,0,6,6,3,4,22,12,4,11.11111111,10,21.21212121,59.09090909,59.09090909,19.19191919,12,0,0,0,10.1,8.1,10.1,9.1,7.1,49,21.2,9.1,18.7,14.6,23.73737374,20.2,34.8,68.2,4,3,3,3,4,8,14.1,24.7,14.6,14.6,38.9,7.6,14,61.6,5,33.3,3,5.1,0,0,12,0,0
ROL,Mining Influenced 3,0,ROL6,Fall,194,2.195912313,0.832075672,19,0.745782925,0,6,4,2,5,19,10,2,11.8556701,8,30.41237113,67.5257732,63.91752577,28.35051546,10,0,0,0,18.6,16.5,18.6,15.5,13.4,49,30.4,14.9,26.3,0.5,15.46391753,20.6,35.6,69.6,5,3,4,4,2,5,25.3,16,17,17,37.1,4.6,10,60.8,6,26.8,3,12.4,0,0,7,0,0
SPC,Mining Influenced 4,2556,SPC1,Fall,205,2.531279107,0.876430696,26,0.776919615,5,4,9,3,2,21,18,6,9.756097561,15,39.51219512,83.90243902,64.3902439,36.58536585,13,8.8,4,8.3,21,18.5,21,5.4,2.9,54.1,30.7,3.9,5.4,0.5,4.390243902,19.5,33.7,65.9,4,3,8,5,6,5,20.5,4.9,16.1,8.8,47.8,10.7,19,91.2,4,6.3,1,1,2,1.5,16,0,0
SPC,Mining Influenced 4,2167,SPC2,Fall,219,2.942515995,0.921040012,31,0.856880303,5,6,8,5,5,26,19,5,18.26484018,16,44.74885845,70.77625571,49.7716895,42.00913242,14,17.4,4,15.1,9.1,8.7,9.1,4.1,3.7,44.3,27.4,6.8,11.4,0.5,7.305936073,18.3,31.5,61.6,6,4,8,5,6,7,11,10.5,30.6,16.4,33.8,14.2,22,83.1,3,9.6,5,5,1,2.3,17,0,0
SPC,Mining Influenced 4,1793,SPC3,Fall,198,2.795458202,0.906029997,31,0.814056091,6,5,9,4,5,25,20,6,16.16161616,17,38.88888889,74.74747475,60.1010101,35.35353535,14,12.1,4,9.6,10.6,9.6,10.6,5.1,4,52,26.8,1.5,12.6,1,2.525252525,20.2,34.8,68.2,6,5,8,5,6,6,19.7,6.1,19.2,10.6,37.9,17.2,21,80.8,4,12.6,4,4,2,2.5,17,0,0
SPC,Mining Influenced 4,1294,SPC4,Fall,228,2.697437358,0.880193906,32,0.7783159,5,5,9,6,4,27,19,6,9.210526316,16,37.71929825,78.07017544,49.12280702,34.21052632,14,16.2,4,13.2,12.3,11.8,12.3,2.6,2.2,49.6,21.5,6.1,7.5,1.3,7.456140351,17.5,30.3,59.2,6,5,10,7,6,5,12.7,11.8,23.2,10.5,45.6,6.6,21,85.1,4,8.3,6,3.5,1,3.1,18,0,0
SPC,Mining Influenced 4,925,SPC5,Fall,207,2.976408369,0.932810567,32,0.858809919,5,8,9,3,6,27,22,5,17.39130435,18,50.24154589,79.22705314,64.73429952,38.647343,17,19.8,3,9.2,13,12.1,13,5.3,4.3,46.4,30.4,6.3,10.1,0,6.280193237,19.3,33.3,65.2,5,4,6,3,8,9,12.1,17.4,17.9,8.7,39.1,13.5,22,76.3,3,10.1,4,2.4,3,11.1,20,2,0.96618
SPC,Mining Influenced 4,150,SPC7,Fall,205,2.858426935,0.911029149,32,0.824767673,5,4,9,5,5,27,18,5,16.58536585,14,36.58536585,72.19512195,50.24390244,32.19512195,13,8.8,3,7.3,11.2,8.3,11.2,3.9,1,52.2,27.8,5.4,9.8,0.5,5.853658537,19.5,33.7,65.9,3,5,7,5,7,10,11.7,7.8,21.5,14.6,45.9,13.2,23,86.3,6,10.7,1,1.5,2,1.5,15,0,0
SPC,Mining Influenced 4,0,SPC8,Fall,189,2.828832265,0.898407099,34,0.802195988,6,5,10,4,7,28,21,7,8.465608466,18,43.38624339,72.48677249,52.91005291,40.21164021,15,7.4,4,6.3,27.5,25.4,27.5,6.9,4.8,37.6,36,5.8,13.2,1.6,7.407407407,21.2,36.5,71.4,4,6,9,6,7,8,27.5,10.6,19.6,14.8,33.9,8.5,22,82,5,12.7,3,3.2,4,2.1,20,1,1.0582
CRO,Reference 1,2050,CRO1,Spring,210,3.014653261,0.926984127,38,0.828751026,12,8,4,4,7,26,24,3,3.80952381,23,52.85714286,60,60,48.0952381,12,35.7,8,32.4,13.3,11.9,10.5,11.9,7.6,11,17.1,17.1,25.7,2.9,20,19,32.9,64.3,6,7,11,6,2,10,7.6,35.2,27.6,15.2,7.6,20,21,58.1,7,28.1,3,3.8,6,9,22,0,0
CRO,Reference 1,1900,CRO2,Spring,204,3.028611234,0.908064206,39,0.826684939,8,9,6,5,8,31,23,5,5.392156863,22,46.56862745,53.92156863,53.92156863,40.68627451,15,26.5,7,24.5,14.7,10.8,12.7,13.7,7.8,12.7,20.1,25.5,33.8,3.9,29.41176471,19.6,33.8,66.2,9,6,9,6,3,10,13.2,38.2,19.6,8.3,8.8,17.2,24,53.4,8,36.8,3,3.4,3,5.4,19,1,0.4902
CRO,Reference 1,1530,CRO3,Spring,194,3.022319818,0.919119991,36,0.843394404,9,9,5,5,6,27,23,3,7.216494845,21,47.42268041,51.03092784,51.03092784,40.72164948,14,20.6,7,18,19.6,15.5,16,15.5,7.7,10.8,26.8,21.6,36.6,0.5,22.16494845,20.6,35.6,69.6,5,6,11,6,3,10,13.4,26.8,26.3,12.4,4.1,24.2,24,54.6,6,35.1,2,6.2,4,4.1,22,0,0
CRO,Reference 1,1160,CRO4,Spring,211,3.246097958,0.948002066,39,0.886049771,9,9,6,5,9,30,24,4,10.42654028,22,62.55924171,68.72037915,68.72037915,55.92417062,15,30.3,7,26.1,21.8,19.4,15.6,19.9,11.4,16.6,32.2,11.8,21.8,0.5,12.32227488,19,32.7,64,8,6,10,6,4,10,15.6,26.5,23.7,11.8,8.1,18.5,25,61.1,7,19,2,7.6,5,12.3,23,1,1.4218
CRO,Reference 1,775,CRO5,Spring,214,3.077490858,0.915582147,42,0.823371558,12,7,4,4,11,30,23,4,8.878504673,23,58.41121495,58.41121495,58.41121495,51.40186916,11,35.5,10,31.8,14,10.7,9.8,13.1,5.6,8.9,22.9,20.1,30.8,1.9,21.96261682,18.7,32.2,63.1,5,7,12,5,2,14,9.3,32.7,32.7,9.8,2.3,17.8,24,41.6,10,30.4,3,5.6,4,22,23,1,1.40187
CRO,Reference 1,340,CRO6,Spring,222,2.852441144,0.899237075,37,0.789949041,9,9,1,2,11,28,19,1,5.405405405,19,57.20720721,57.20720721,57.20720721,51.8018018,10,28.4,7,24.8,23.4,21.6,16.7,19.8,11.3,5.4,28.8,24.8,35.1,1.8,26.57657658,18,31.1,60.8,6,7,6,2,1,15,15.8,40.5,23,8.6,0.5,14.4,17,38.7,11,36.5,4,9.5,4,14.9,19,3,2.25225
CRO,Reference 1,0,CRO7,Spring,232,2.991073681,0.932149227,33,0.855446078,10,7,4,3,8,23,21,3,4.74137931,20,74.56896552,75.43103448,75.43103448,54.74137931,11,35.8,7,24.6,34.1,25.4,29.7,31.5,18.5,5.6,38.8,15.1,18.5,0.9,15.94827586,17.2,29.7,58.2,7,7,9,4,2,7,22.4,39.2,23.3,10.8,1.3,10.8,19,56,6,18.1,3,5.2,5,20.7,19,1,0.43103
EAS,Reference 2,2500,EAS1,Spring,200,2.606041172,0.8934,27,0.790706967,8,5,4,3,5,19,17,3,2,16,57.5,64.5,64.5,44.5,9,25.5,6,24,30,18.5,21,29.5,9,9,32,23,26,2.5,25.5,20,34.5,67.5,4,5,8,3,4,6,29,32.5,24.5,6.5,8.5,5.5,18,60.5,6,28.5,1,9,2,2,17,2,1
EAS,Reference 2,2140,EAS2,Spring,186,2.850654911,0.908891201,31,0.830129742,8,8,6,3,5,23,22,3,2.688172043,19,63.97849462,70.43010753,69.89247312,56.98924731,14,40.9,7,39.8,20.4,14.5,18.3,20.4,12.4,9.1,23.1,14,17.2,1.1,15.05376344,21.5,37.1,72.6,6,5,10,6,4,6,16.1,24.7,42.5,15.1,7,9.7,22,75.8,4,16.7,2,3.2,3,4.3,19,1,0.53763
EAS,Reference 2,1890,EAS3,Spring,213,2.829962938,0.916308493,28,0.849276486,9,6,4,3,5,19,19,2,1.877934272,17,56.33802817,62.44131455,62.44131455,50.23474178,10,41.8,7,39,12.7,9.4,10.8,12.7,7.5,8,14.6,17.8,21.1,0.5,18.30985915,18.8,32.4,63.4,4,7,8,5,4,5,7,32.4,43.2,19.2,8.5,8.9,17,70,4,19.7,2,2.3,5,8,18,0,0
EAS,Reference 2,1565,EAS4,Spring,211,2.974668384,0.927876732,32,0.858307865,10,9,6,3,3,22,25,4,3.317535545,23,68.2464455,72.98578199,72.98578199,58.29383886,15,40.3,8,35.1,24.6,19.9,20.9,24.2,15.6,8.1,28,16.6,17.5,0.9,17.53554502,19,32.7,64,7,7,9,5,3,6,19.9,37.9,29.9,10.4,5.7,6.6,24,68.7,2,17.5,2,4.3,4,9.5,22,0,0
EAS,Reference 2,1240,EAS5,Spring,209,2.800307043,0.915867311,27,0.849649772,8,10,3,2,3,19,21,2,1.913875598,20,64.11483254,72.72727273,72.72727273,49.76076555,13,37.3,6,30.6,24.9,17.2,20.6,22.5,10.5,10.5,26.8,18.7,21.1,0.5,19.13875598,19.1,33,64.6,6,7,6,3,2,6,21.5,38.3,24.4,6.2,9.6,6.2,18,61.7,4,21.5,1,4.3,4,12.4,21,0,0
EAS,Reference 2,1000,EAS6,Spring,203,2.969439881,0.926302507,33,0.849258818,9,9,5,4,4,24,23,3,1.97044335,21,60.09852217,67.98029557,67.98029557,45.81280788,14,35,7,29.1,23.2,14.8,21.7,21.7,11.8,9.9,25.1,17.7,19.7,0.5,18.22660099,19.7,34,66.5,6,7,10,6,3,6,20.2,35.5,30.5,12.8,8.4,4.9,22,64,4,20.2,2,2.5,4,12.8,20,0,0
EAS,Reference 2,715,EAS7,Spring,208,3.00914166,0.935882027,32,0.86825475,7,8,6,4,5,25,21,3,3.846153846,18,61.53846154,70.19230769,69.71153846,46.15384615,14,15.9,4,10.6,41.8,31.7,37.5,40.9,26.4,12.5,45.7,11.1,13.9,1.9,12.98076923,19.2,33.2,64.9,5,7,8,6,4,7,34.6,22.1,24,17.3,9.1,9.6,20,70.7,5,15.9,2,4.8,4,8.2,18,0,0
EAS,Reference 2,385,EAS8,Spring,201,2.924784187,0.926016683,30,0.859927801,7,8,3,4,6,23,18,1,0.497512438,16,59.70149254,70.64676617,70.64676617,37.31343284,11,19.9,5,12.9,39.3,23.9,35.8,36.3,17.4,11.4,39.8,12.9,17.9,1.5,14.4278607,19.9,34.3,67.2,7,7,9,5,2,5,36.8,26.9,18.9,10.4,10.9,6,17,67.7,6,18.9,4,5.5,2,7,16,0,0
EAS,Reference 2,0,EAS9,Spring,204,2.457055421,0.872933487,27,0.745502742,7,7,4,2,5,20,18,4,1.960784314,18,72.54901961,72.54901961,72.54901961,48.52941176,11,6.9,6,5.4,63.7,41.2,52.5,59.8,26,2,65.7,18.6,21.1,1.5,20.09803922,19.6,33.8,66.2,7,6,7,4,1,5,59.8,24.5,7.4,4.9,0.5,6.9,16,62.3,5,22.1,2,11.8,3,2.9,16,0,0
FRY,Mining Influenced 1,2785,FRY1,Spring,222,2.327105447,0.82598815,25,0.722955955,7,5,5,4,3,18,17,4,5.405405405,16,78.82882883,81.98198198,81.98198198,35.58558559,10,45,5,9,28.4,21.2,12.2,27.5,4.1,8.6,33.8,9.5,11.7,0.5,9.90990991,18,31.1,60.8,4,4,8,4,3,5,24.8,48.2,8.6,5.9,7.2,10.8,19,36,3,10.4,2,18,1,35.6,15,0,0
FRY,Mining Influenced 1,2465,FRY2,Spring,202,2.495397984,0.865601412,27,0.757136377,9,6,4,4,3,18,19,3,8.415841584,18,77.72277228,80.1980198,80.1980198,38.11881188,10,40.6,7,11.4,28.7,18.3,16.8,28.7,6.4,10.9,37.1,13.4,14.4,0.5,13.86138614,19.8,34.2,66.8,5,6,8,4,3,5,24.8,47.5,7.4,5,9.9,10.4,19,42.6,3,14.4,2,12.9,3,30.2,17,0,0
FRY,Mining Influenced 1,2170,FRY3,Spring,207,2.396437835,0.845994072,26,0.735533096,5,7,7,2,4,21,19,5,11.11111111,17,79.22705314,83.57487923,83.57487923,42.99516908,14,40.6,4,9.2,27.5,22.7,10.1,26.6,4.3,15.5,38.6,11.6,14.5,0,11.5942029,19.3,33.3,65.2,6,3,4,2,5,8,25.6,46.9,3.4,1.4,13,11.1,20,36.7,2,12.6,3,19.3,1,31.4,16,0,0
FRY,Mining Influenced 1,1845,FRY4,Spring,217,2.154000345,0.821465735,21,0.707500237,4,6,4,3,3,17,14,2,4.147465438,12,82.02764977,87.09677419,86.6359447,29.95391705,10,37.3,3,5.1,40.6,20.7,25.3,38.7,3.7,9.2,44.7,7.8,8.8,0,7.834101382,18.4,31.8,62.2,6,3,4,3,3,5,39.2,42.4,4.6,3.7,8.8,5.1,14,41.9,3,8.8,3,17.1,1,32.3,12,0,0
FRY,Mining Influenced 1,1480,FRY5,Spring,199,2.185945735,0.826645792,23,0.697161463,6,7,4,1,5,17,17,2,2.010050251,15,79.89949749,81.40703518,80.90452261,30.15075377,11,41.7,5,10.1,36.2,18.1,25.6,36.2,7.5,3.5,38.2,15.1,18.1,0,15.07537688,20.1,34.7,67.8,5,4,4,2,3,7,33.2,54.3,2.5,1.5,2.5,7.5,15,37.2,3,16.1,3,14.1,2,32.7,15,0,0
FRY,Mining Influenced 1,1030,FRY6,Spring,209,2.413881341,0.867333623,24,0.759547028,5,6,5,3,3,19,16,3,4.784688995,14,79.42583732,82.29665072,82.29665072,35.40669856,11,34.9,4,14.8,39.7,15.8,30.1,37.8,4.3,7.7,44.5,11,13.9,0.5,11.48325359,19.1,33,64.6,5,4,6,3,3,6,39.2,40.7,8.6,2.9,6.2,5.3,17,55.5,4,13.4,2,11,1,20.1,11,0,0
FRY,Mining Influenced 1,690,FRY7,Spring,216,2.207920858,0.807098765,24,0.694739918,5,7,4,3,3,19,16,3,4.166666667,15,79.16666667,81.94444444,81.94444444,34.25925926,11,60.6,4,22.7,14.4,7.4,12.5,13.9,5.1,6.9,18.5,12,13.9,0.5,12.5,18.5,31.9,62.5,4,4,6,4,2,7,9.7,65.7,9.3,4.2,4.2,10.6,18,45.8,3,13,2,3.2,1,38,13,0,0
FRY,Mining Influenced 1,360,FRY8,Spring,193,2.655316167,0.903970576,24,0.835516422,6,6,4,3,4,18,16,3,5.18134715,15,66.32124352,70.98445596,70.98445596,44.04145078,10,41.5,5,26.4,19.7,12.4,12.4,19.2,4.7,9.8,24.9,16.6,23.3,1.6,18.13471503,20.7,35.8,69.9,5,5,6,4,2,5,18.1,48.7,13,5.2,7.3,11.9,17,54.4,3,18.7,2,11.4,2,15.5,13,0,0
FRY,Mining Influenced 1,0,FRY9,Spring,203,2.802156774,0.90324929,30,0.823873612,8,8,3,4,6,22,19,2,1.477832512,18,50.73891626,51.23152709,51.23152709,44.33497537,11,31.5,6,27.1,17.7,15.8,15.8,16.3,12.3,2,19.2,23.2,34,1,24.13793103,19.7,34,66.5,5,7,8,6,1,7,14.3,48.3,22.7,16.7,0.5,12.8,18,55.2,4,26.6,2,5.4,5,11.8,18,0,0
LLW,Mining Influenced 2,1950,LLW1,Spring,212,2.448038067,0.868992524,24,0.770294714,3,5,3,5,7,21,11,2,3.301886792,10,52.35849057,56.60377358,56.60377358,29.24528302,8,6.1,1,0.5,42.9,25.5,28.3,34.4,2.4,7.5,46.2,25,32.5,0.9,25.94339623,18.9,32.5,63.7,4,5,5,5,3,7,41.5,32.1,9.9,9.9,7.5,9,16,49.1,4,27.4,2,17.9,2,5.7,10,1,0.9434
LLW,Mining Influenced 2,1400,LLW2,Spring,238,2.340523184,0.832956712,26,0.718371342,4,6,6,4,4,22,16,4,2.941176471,14,45.37815126,50,50,25.21008403,12,7.6,2,1.3,34.9,21,18.9,32.4,2.5,7.6,37.8,33.6,40.3,0.8,34.45378151,16.8,29,56.7,5,4,7,5,4,6,33.6,40.8,10.1,8.8,5.9,9.7,19,39.9,3,34.9,2,18.9,2,6.3,14,0,0
LLW,Mining Influenced 2,1140,LLW3,Spring,225,1.773519108,0.742755556,18,0.613595501,4,5,2,3,4,14,11,0,0,9,50.22222222,53.77777778,53.77777778,17.77777778,7,5.3,2,0.9,44.9,16.9,31.1,43.1,1.3,3.6,44.9,39.6,43.6,0,39.55555556,17.8,30.7,60,4,5,3,3,3,3,44.4,44.9,2.7,2.7,4.9,3.1,12,40,1,39.6,2,15.6,3,4.9,10,1,1.33333
LLW,Mining Influenced 2,640,LLW4,Spring,200,1.916530053,0.78765,17,0.676451019,2,5,2,2,5,15,9,1,2.5,8,59,63.5,63.5,25,7,3,0,0,53.5,22.5,34,52,1.5,7,56,27,32,1,28,20,34.5,67.5,5,4,2,2,2,4,53.5,31,3.5,3.5,7,5,10,48,3,28.5,2,20.5,2,3,7,1,2.5
LLW,Mining Influenced 2,390,LLW5,Spring,204,1.840348728,0.749903883,18,0.636716963,2,5,2,2,6,16,9,1,0.490196078,8,59.31372549,63.23529412,63.23529412,49.01960784,7,1,0,0,57.8,48.5,18.1,55.4,6.4,4.4,58.3,27.9,34.3,0.5,28.43137255,19.6,33.8,66.2,6,4,2,2,2,4,58.3,29.4,2,2,6.4,3.9,10,27.9,3,28.9,3,42.2,2,1,8,1,2.45098
LLW,Mining Influenced 2,0,LLW6,Spring,180,1.424693012,0.639382716,15,0.526095495,2,4,2,1,5,13,8,1,0.555555556,7,40,41.11111111,41.11111111,38.88888889,6,1.7,1,0.6,37.8,37.8,5,35.6,2.8,1.7,38.3,50,55.6,2.8,52.77777778,22.2,38.3,75,4,5,1,1,2,3,36.1,55.6,0.6,0.6,3.9,3.9,7,10,3,53.3,2,33.9,3,2.8,8,1,2.77778
ROL,Mining Influenced 3,1500,ROL1,Spring,200,2.026924684,0.77045,22,0.655741458,5,7,2,3,3,17,14,1,1.5,13,77,84,84,35,9,4.5,3,3,71,30.5,48,68,4.5,8.5,72.5,3.5,4.5,5,8.5,20,34.5,67.5,5,6,5,4,2,4,67.5,12.5,7,6.5,8.5,4.5,13,63.5,4,9.5,1,23,4,4,15,0,0
ROL,Mining Influenced 3,1360,ROL2,Spring,192,1.850286458,0.712999132,24,0.5822074,6,6,4,3,3,18,16,3,2.083333333,15,83.85416667,88.54166667,88.54166667,33.85416667,10,5.2,4,2.6,76.6,29.2,53.1,72.4,1.6,6.8,78.6,0,2.1,3.6,3.645833333,20.8,35.9,70.3,4,4,7,4,2,7,75.5,6.2,8.3,5.7,5.2,4.7,16,68.2,3,4.7,2,24.5,3,2.6,16,0,0
ROL,Mining Influenced 3,1160,ROL3,Spring,180,1.931142547,0.755802469,20,0.644631219,0,6,4,3,5,20,10,3,3.888888889,9,80,80.55555556,80.55555556,39.44444444,10,0,0,0,76.1,35.6,50,73.3,6.7,4.4,80,3.9,7.2,7.2,11.11111111,22.2,38.3,75,6,2,3,3,3,6,72.8,11.1,4.4,4.4,2.2,9.4,12,58.3,4,12.8,4,28.9,0,0,12,0,0
ROL,Mining Influenced 3,765,ROL4,Spring,194,2.054415969,0.822244659,19,0.697727473,2,5,3,2,5,17,10,2,1.546391753,9,59.79381443,62.37113402,62.37113402,36.08247423,8,2.6,1,1.5,55.7,33,33.5,50.5,5.7,4.1,57.2,25.3,27.3,8.8,34.02061856,20.6,35.6,69.6,4,4,4,4,1,6,50.5,36.6,5.2,5.2,2.6,5.2,9,38.7,6,36.1,2,22.7,2,2.6,10,0,0
ROL,Mining Influenced 3,455,ROL5,Spring,193,1.629069148,0.730650487,12,0.655585653,0,5,1,1,4,12,6,0,0,5,62.69430052,66.32124352,66.32124352,18.65284974,6,0,0,0,62.7,18.7,47.7,60.6,1.6,3.6,62.7,19.7,21.2,10.9,30.56994819,20.7,35.8,69.9,4,2,2,2,1,3,61.7,30.6,2.6,2.6,3.6,1.6,6,52.8,4,31.6,2,15.5,0,0,6,0,0
ROL,Mining Influenced 3,205,ROL6,Spring,226,1.45465823,0.676012217,13,0.567129416,0,6,2,1,3,13,8,1,0.442477876,7,76.54867257,78.31858407,78.31858407,27.43362832,8,0,0,0,76.1,27,55.3,74.3,4.4,2.2,76.5,19.5,20.8,0,19.46902655,17.7,30.5,59.7,4,1,2,2,1,5,72.1,19.5,2.7,2.7,1.8,4,8,58,3,20.4,2,21.7,0,0,7,0,0
ROL,Mining Influenced 3,0,ROL7,Spring,216,1.367961543,0.670610425,10,0.59409815,0,6,3,0,1,10,9,2,1.851851852,8,81.01851852,81.94444444,81.94444444,32.40740741,9,0,0,0,79.2,30.6,55.1,74.5,1.9,2.8,81,18.1,18.1,0,18.05555556,18.5,31.9,62.5,3,1,1,1,1,4,77.3,18.1,0.5,0.5,0.9,3.2,8,57.9,1,18.1,1,24.1,0,0,7,0,0
SPC,Mining Influenced 4,2556,SPC1,Spring,227,2.295106649,0.848415455,22,0.742502468,6,6,4,1,4,16,16,2,5.286343612,14,62.11453744,66.96035242,66.07929515,39.20704846,10,18.9,4,11,37.9,22.9,17.6,36.6,1.3,10.1,43.2,27.3,29.1,2.6,29.95594714,17.6,30.4,59.5,6,5,3,1,4,4,37.9,44.5,2.6,1.3,8.8,6.2,14,40.5,3,30.4,3,21.1,2,7.9,13,1,0.88106
SPC,Mining Influenced 4,2167,SPC2,Spring,216,2.154430623,0.830589849,21,0.707641565,7,4,4,1,3,14,15,1,1.388888889,12,49.53703704,51.38888889,50.46296296,22.68518519,8,16.7,4,6.9,31.5,14.4,18.1,31,0.5,3.2,32.9,30.1,31,16.2,46.2962963,18.5,31.9,62.5,4,5,4,1,3,5,31.5,56.5,6,0.9,1.9,4.2,15,32.9,2,46.3,2,13.9,2,6.9,12,0,0
SPC,Mining Influenced 4,1793,SPC3,Spring,210,2.38333021,0.857369615,24,0.749933871,6,8,4,1,3,18,18,3,4.761904762,17,76.19047619,77.61904762,76.19047619,35.71428571,12,23.8,4,10.5,47.6,20.5,32.4,45.7,3.3,6.2,52.4,17.6,19,0.5,18.0952381,19,32.9,64.3,4,5,4,2,4,6,44.8,34.3,7.6,2.9,4.3,8.6,18,52.9,2,18.1,1,15.2,2,13.3,16,1,0.95238
SPC,Mining Influenced 4,1294,SPC4,Spring,199,2.613986959,0.896492513,25,0.812080708,9,6,3,3,1,16,18,2,3.51758794,17,72.86432161,73.36683417,73.36683417,37.68844221,9,29.1,6,12.6,40.2,21.6,24.1,38.2,3.5,4,43.7,14.1,14.1,5.5,19.59798995,20.1,34.7,67.8,5,7,6,3,3,4,37.7,38.7,13.6,5.5,4,6,16,45.7,3,20.6,2,16.6,4,17.1,17,0,0
SPC,Mining Influenced 4,925,SPC5,Spring,210,2.686599172,0.893786848,29,0.797850652,6,9,8,1,4,23,23,5,6.666666667,20,81.42857143,83.80952381,82.85714286,47.14285714,17,25.7,4,13.3,49,27.1,31.4,47.6,8.1,9,55.7,8.6,12.9,0.5,9.047619048,19,32.9,64.3,7,5,3,1,7,7,45.2,22.4,13.8,2.9,9.5,9,20,56.7,3,10.5,4,20.5,2,12.4,18,1,2.38095
SPC,Mining Influenced 4,525,SPC6,Spring,211,2.732107319,0.894499225,31,0.795607891,8,8,6,4,4,23,22,4,9.004739336,20,83.88625592,85.78199052,85.30805687,56.87203791,14,25.1,6,19.4,49.8,28.4,30.8,48.8,8.5,10.9,58.8,2.4,4.7,0,2.369668246,19,32.7,64,5,5,8,4,5,8,42.2,12.3,23.7,9,7.6,14.2,22,69.7,3,3.3,3,20.9,3,6.2,20,0,0
SPC,Mining Influenced 4,150,SPC7,Spring,203,3.065922139,0.921497731,39,0.836869264,10,8,8,4,6,29,26,5,6.896551724,23,64.03940887,70.93596059,66.99507389,36.94581281,16,23.6,9,18.2,33.5,11.8,28.1,32.5,5.4,13.8,40.4,8.9,14.3,1,9.852216749,19.7,34,66.5,6,5,11,6,6,11,30,22.7,21.2,12.3,10.8,15.3,26,70.9,6,13.3,3,8.9,4,6.9,25,0,0
SPC,Mining Influenced 4,0,SPC8,Spring,196,2.611881503,0.882444815,30,0.767929999,8,9,6,2,3,22,23,3,2.551020408,20,82.14285714,84.18367347,83.67346939,52.04081633,15,33.2,6,29.6,46.4,19.9,37.8,46.4,11.2,4.6,49,3.6,4.6,0,3.571428571,20.4,35.2,68.9,3,5,6,3,5,11,35.7,16.3,32.1,13.3,4.1,11.7,20,80.6,3,4.6,3,9.7,4,5.1,22,0,0